time_s,q_deg_A1,q_deg_A2,q_deg_A3,q_deg_A4,q_deg_A5,q_deg_A6,qd_deg_s_A1,qd_deg_s_A2,qd_deg_s_A3,qd_deg_s_A4,qd_deg_s_A5,qd_deg_s_A6,qdd_deg_s2_A1,qdd_deg_s2_A2,qdd_deg_s2_A3,qdd_deg_s2_A4,qdd_deg_s2_A5,qdd_deg_s2_A6,flange_x_m,flange_y_m,flange_z_m
0,0,-30,20,0,30,0,0,0,-0,0,0,0,0,0,-0,0,0,0,0.289909868050939,0,0.878710982897022
0.005,2.77083796296296e-06,-29.9999967673557,19.9999958437431,4.61806327160494e-06,30.0000006927095,8.31251388888889e-06,0.00166111574074074,0.00193796836419753,-0.00249167361111111,0.0027685262345679,0.000415278935185185,0.00498334722222222,0.663337037037037,0.773893209876543,-0.995005555555556,1.10556172839506,0.165834259259259,1.99001111111111,0.289909888124664,1.7324730205097e-08,0.878711002887838
0.01,2.21112592592593e-05,-29.9999742035309,19.9999668331111,3.68520987654321e-05,30.0000055278148,6.63337777777778e-05,0.0066222962962963,0.00772601234567901,-0.00993344444444445,0.0110371604938272,0.00165557407407407,0.0198668888888889,1.32002962962963,1.54003456790123,-1.98004444444444,2.20004938271605,0.330007407407407,3.96008888888889,0.289910028239052,1.38251231861038e-07,0.878711142423503
0.015,7.4438625e-05,-29.9999131549375,19.9998883420625,0.000124064375,30.0000186096563,0.000223315875,0.014850375,0.0173254375,-0.0222755625,0.024750625,0.00371259375,0.044551125,1.9701,2.29845,-2.95515,3.2835,0.492525,5.9103,0.289910407331864,4.65429994289307e-07,0.878711519950389
0.02,0.000176004740740741,-29.9997946611358,19.9997359928889,0.000293341234567901,30.0000440011852,0.000528014222222222,0.0263122962962963,0.0306976790123457,-0.0394684444444444,0.0438538271604938,0.00657807407407407,0.0789368888888889,2.61357037037037,3.04916543209877,-3.92035555555556,4.35595061728395,0.653392592592593,7.84071111111111,0.289911143141132,1.10047795382941e-06,0.878712252719668
0.025,0.000342896412037037,-29.999599954186,19.9994856553819,0.000571494020061728,30.000085724103,0.00102868923611111,0.0409751157407407,0.0478043016975309,-0.0614626736111111,0.0682918595679012,0.0102437789351852,0.122925347222222,3.25046296296296,3.79220679012346,-4.87569444444444,5.41743827160494,0.812615740740741,9.75138888888889,0.289912352208797,2.14398376225861e-06,0.878713456790448
0.03,0.000591036,-29.999310458,19.999113446,0.00098506,30.000147759,0.001773108,0.058806,0.068607,-0.088209,0.09801,0.0147015,0.176418,3.8808,4.5276,-5.8212,6.468,0.9702,11.6424,0.289914149884206,3.69551373063223e-06,0.878715247032596
0.035,0.000936181976851852,-29.9989077876937,19.9985957270347,0.00156030329475309,30.0002340454942,0.00280854593055556,0.0797722268518519,0.0930675979938272,-0.119658340277778,0.132953711419753,0.019943056712963,0.239316680555556,4.5046037037037,5.25537098765432,-6.75690555555556,7.50767283950617,1.12615092592593,13.5138111111111,0.289916650327466,5.85361842359955e-06,0.878717737129237
0.04,0.00139392948148148,-29.9983737489383,19.9979091057778,0.00232321580246914,30.0003484823704,0.00418178844444445,0.103841185185185,0.121148049382716,-0.155761777777778,0.173068641975309,0.0259602962962963,0.311523555555556,5.1218962962963,5.97554567901235,-7.68284444444444,8.53649382716049,1.28047407407407,15.3656888888889,0.289919966512668,8.71583987964188e-06,0.878721039578958
0.045,0.001979710875,-29.9976903373125,19.9970304336875,0.003299518125,30.0004949277188,0.005939132625,0.130980375,0.1528104375,-0.1964705625,0.218300625,0.03274509375,0.392941125,5.7327,6.68815,-8.59905,9.5545,1.433175,17.1981,0.289924210230977,1.23787194330678e-05,0.878725265697715
0.05,0.0027087962962963,-29.9968397376543,19.9959368055556,0.00451466049382716,30.0006771990741,0.00812638888888889,0.161157407407407,0.188016975308642,-0.241736111111111,0.268595679012346,0.0402893518518518,0.483472222222222,6.33703703703704,7.39320987654321,-9.50555555555555,10.5617283950617,1.58425925925926,19.0111111111111,0.289929492093599,1.69378061139862e-05,0.878730525620465
0.055,0.00359629421759259,-29.9958043234128,19.9946055586736,0.00599382369598765,30.0008990735544,0.0107888826527778,0.19434000462963,0.226730005401235,-0.291510006944445,0.323900007716049,0.0485850011574074,0.583020013888889,6.93492962962963,8.0907512345679,-10.4023944444444,11.5582160493827,1.73373240740741,20.8047888888889,0.289935921534632,2.24876656028595e-05,0.878736928302534
0.06,0.004657152,-29.994566656,19.993014272,0.00776192,30.001164288,0.013971456,0.230496,0.268912,-0.345744,0.38416,0.057624,0.691488,7.5264,8.7808,-11.2896,12.544,1.8816,22.5792,0.289943606813797,2.91218897166197e-05,0.878744581520716
0.065,0.00590615644907407,-29.9931094841427,19.9911407653264,0.00984359408179012,30.0014765391123,0.0177184693472222,0.269593337962963,0.31452556095679,-0.404390006944445,0.449322229938272,0.0673983344907408,0.808780013888889,8.11147037037037,9.46338209876543,-12.1672055555556,13.5191172839506,2.02786759259259,24.3344111111111,0.289952655019054,3.69331064037051e-05,0.878753591874145
0.07,0.00735793437037037,-29.9914157432346,19.9889630984444,0.0122632239506173,30.0018394835926,0.0220738031111111,0.311600074074074,0.363533419753086,-0.467400111111111,0.519333456790123,0.0779000185185185,0.934800222222222,8.69016296296296,10.1385234567901,-13.0352444444444,14.4836049382716,2.17254074074074,26.0704888888889,0.289963172069125,4.60129902257484e-05,0.87876406478491
0.075,0.009026953125,-29.9894685546875,19.9864595703125,0.015044921875,30.0022567382813,0.027080859375,0.356484375,0.4158984375,-0.5347265625,0.594140625,0.08912109375,1.069453125,9.2625,10.80625,-13.89375,15.4375,2.315625,27.7875,0.289975262715896,5.64522733040189e-05,0.878776104498468
0.08,0.0109275211851852,-29.987251225284,19.9836087182222,0.018212535308642,30.0027318802963,0.0327825635555556,0.404214518518519,0.471583604938272,-0.606321777777778,0.673690864197531,0.10105362962963,1.21264355555556,9.8285037037037,11.466587654321,-14.7427555555556,16.3808395061728,2.45712592592593,29.4855111111111,0.289989030546736,6.83407567090854e-05,0.878789814083824
0.085,0.0130737886898148,-29.9847472465285,19.9803893169653,0.021789647816358,30.0032684471725,0.0392213660694445,0.454758893518519,0.530552042438272,-0.682138340277778,0.757931489197531,0.11368972337963,1.36427668055556,10.3881962962963,12.119562345679,-15.5822944444444,17.3136604938272,2.59704907407407,31.1645888888889,0.290004577986709,8.17673222725327e-05,0.878805295433516
0.09,0.015479748,-29.981940294,19.976780378,0.02579958,30.003869937,0.046439244,0.508086,0.592767,-0.762129,0.84681,0.1270215,1.524258,10.9416,12.7652,-16.4124,18.236,2.7354,32.8248,0.2900220063007,9.68199447999226e-05,0.878822649263405
0.095,0.0181592342546296,-29.9788142267029,19.9727611486181,0.0302653904243827,30.0045398085637,0.0544777027638889,0.564164449074074,0.658191857253086,-0.846246673611111,0.940274081790124,0.141041112268519,1.69249334722222,11.488737037037,13.4035265432099,-17.2331055555556,19.1478950617284,2.87218425925926,34.4662111111111,0.290041415595447,0.000113585704664552,0.87884197511228
0.1,0.0211259259259259,-29.9753530864198,19.9683111111111,0.0352098765432099,30.0052814814815,0.0633777777777778,0.622962962962963,0.72679012345679,-0.934444444444444,1.03827160493827,0.155740740740741,1.86888888888889,12.0296296296296,14.0345679012346,-18.0444444444444,20.0493827160494,3.00740740740741,36.0888888888889,0.290062904821493,0.000132150800761907,0.878863371341288
0.105,0.024393345375,-29.9715410970625,19.9634099819375,0.040655575625,30.0060983363438,0.073180036125,0.684450375,0.7985254375,-1.0266755625,1.140750625,0.17111259375,2.053351125,12.5643,14.65835,-18.84645,20.9405,3.141075,37.6929,0.29008657177505,0.000152600563805075,0.878886935133194
0.11,0.0279748594074074,-29.9673626640247,19.9580377108889,0.0466247656790123,30.0069937148519,0.0839245782222222,0.74859562962963,0.873361567901235,-1.12289344444444,1.24765938271605,0.187148907407407,2.24578688888889,13.0927703703704,15.2748987654321,-19.6391555555556,21.8212839506173,3.27319259259259,39.2783111111111,0.290112513099782,0.000175019469941711,0.878912762491494
0.115,0.0318836798287037,-29.9628023735332,19.9521744802569,0.0531394663811728,30.0079709199572,0.0956510394861111,0.815367782407408,0.951262412808642,-1.22305167361111,1.35894630401235,0.203841945601852,2.44610334722222,13.615062962963,15.8842401234568,-20.4225944444444,22.6917716049383,3.40376574074074,40.8451888888889,0.290140824288517,0.000199491154673507,0.878940948239372
0.12,0.036132864,-29.957844992,19.945800704,0.06022144,30.009033216,0.108398592,0.884736,1.032192,-1.327104,1.47456,0.221184,2.654208,14.1312,16.4864,-21.1968,23.552,3.5328,42.3936,0.290171599684868,0.000226098427059452,0.878971586018519
0.125,0.0407353153935185,-29.9524754653742,19.9388970269097,0.0678921923225308,30.0101838288484,0.122205946180556,0.956669560185185,1.11611448688272,-1.43500434027778,1.59444926697531,0.239167390046296,2.87000868055556,14.6412037037037,17.0814043209877,-21.9618055555556,24.4020061728395,3.66030092592593,43.9236111111111,0.290204932484799,0.000254923284184515,0.879004768287833
0.13,0.0457037841481482,-29.9466789184938,19.9314443237778,0.0761729735802469,30.011425946037,0.137111352444444,1.03113785185185,1.20299416049383,-1.54670677777778,1.71856308641975,0.257784462962963,3.09341355555556,15.1450962962963,17.6692790123457,-22.7176444444444,25.2418271604938,3.78627407407407,45.4352888888889,0.290240914738102,0.000286046925875696,0.879040586321978
0.135,0.051050867625,-29.9404406544375,19.9234236985625,0.085084779375,30.0127627169062,0.153152602875,1.108110375,1.2927954375,-1.6621655625,1.846850625,0.27702759375,3.324331125,15.6429,18.25005,-23.46435,26.0715,3.910725,46.9287,0.290279637349814,0.000319549769647753,0.87907913020985
0.14,0.056789010962963,-29.9337461538765,19.9148164835556,0.0946483516049383,30.0141972527407,0.170367032888889,1.18755674074074,1.38548286419753,-1.78133511111111,1.9792612345679,0.296889185185185,3.56267022222222,16.134637037037,18.8237432098765,-24.2019555555556,26.8910617283951,4.03365925925926,48.4039111111111,0.290321190081562,0.000355511465861214,0.879120488852923
0.145,0.0629305076342593,-29.9265810744267,19.9056042385486,0.104884179390432,30.0157326269086,0.188791522902778,1.2694466712963,1.48102111651235,-1.90417000694444,2.11574445216049,0.317361667824074,3.80834001388889,16.6203296296296,19.3903845679012,-24.9304944444444,27.7005493827161,4.15508240740741,49.8609888888889,0.290365661552836,0.000394010913075611,0.879164749963506
0.15,0.0694875,-29.91893125,19.89576875,0.1158125,30.017371875,0.2084625,1.35375,1.579375,-2.030625,2.25625,0.3384375,4.06125,17.1,19.95,-25.65,28.5,4.275,51.3,0.290413139242199,0.000435126273581217,0.879212000062907
0.155,0.0764719798657408,-29.9107826901566,19.8852920302014,0.127453299776235,30.0191179949664,0.229415939597222,1.4404366712963,1.68050944984568,-2.16065500694444,2.40072778549383,0.360109167824074,4.32131001388889,17.5736703703704,20.5026154320988,-26.3605055555556,29.2894506172839,4.39341759259259,52.7210111111111,0.290463709488436,0.000478934989092841,0.87926232447952
0.16,0.0838957890370371,-29.9021215794568,19.8741563164444,0.139826315061728,30.0209739472593,0.251687367111111,1.52947674074074,1.7843895308642,-2.29421511111111,2.54912790123457,0.382369185185185,4.58843022222222,18.041362962963,21.0482567901235,-27.0620444444444,30.0689382716049,4.51034074074074,54.1240888888889,0.290517457491625,0.000525513796589597,0.879315807346827
0.165,0.091770619875,-29.8929342768125,19.8623440701875,0.152951033125,30.0229426549688,0.275311859625,1.620840375,1.8909804375,-2.4312605625,2.701400625,0.40521009375,4.862521125,18.5031,21.58695,-27.75465,30.8385,4.625775,55.5093,0.290574467314155,0.000574938744284832,0.879372531601348
0.17,0.100108015851852,-29.8832073148395,19.8498379762222,0.16684669308642,30.025027003963,0.300324047555556,1.71449785185185,2.00024749382716,-2.57174677777778,2.85749641975309,0.428624462962963,5.14349355555556,18.9589037037037,22.1187209876543,-28.4383555555556,31.5981728395062,4.73972592592593,56.8767111111111,0.290634821881676,0.000627285207710728,0.879432578980518
0.175,0.108919372106481,-29.8729273992091,19.8366209418403,0.181532286844136,30.0272298430266,0.326758116319444,1.81041956018518,2.11215615354938,-2.71562934027778,3.01736593364197,0.452604890046296,5.43125868055555,19.4087962962963,22.6435956790123,-29.1131944444444,32.3479938271605,4.85219907407407,58.2263888888889,0.290698602983982,0.000682627905902385,0.87949603002052
0.18,0.118215936,-29.862081408,19.822676096,0.19702656,30.029553984,0.354647808,1.908576,2.226672,-2.862864,3.18096,0.477144,5.725728,19.8528,23.1616,-29.7792,33.088,4.9632,59.5584,0.290765891275838,0.0007410409176665,0.879562964054065
0.185,0.128008807671296,-29.8506563910502,19.8079867884931,0.213348012785494,30.0320022019178,0.384026423013889,2.00893778240741,2.34376074614198,-3.01340667361111,3.34822963734568,0.502234445601852,6.02681334722222,20.290937037037,23.6727598765432,-30.4364055555556,33.8182283950617,5.07273425925926,60.8728111111111,0.29083676627773,0.000802597697920034,0.879633459208137
0.19,0.138308940592593,-29.8386395693086,19.7925365891111,0.230514900987654,30.0345772351481,0.414926821777778,2.11147562962963,2.4633882345679,-3.16721344444445,3.51912604938272,0.527868907407408,6.33442688888889,20.7232296296296,24.1771012345679,-31.0848444444444,34.5387160493827,5.18080740740741,62.1696888888889,0.290911306376568,0.000867371094084562,0.879707592401705
0.195,0.149127142125,-29.8260183341875,19.7763092868125,0.248545236875,30.0372817855312,0.447381426375,2.216160375,2.5855204375,-3.3242405625,3.693600625,0.55404009375,6.648481125,21.1497,24.67465,-31.72455,35.2495,5.287425,63.4491,0.290989588826306,0.000935433362522295,0.879785439343408
0.2,0.160474074074074,-29.8127802469136,19.7592888888889,0.267456790123457,30.0401185185185,0.481422222222222,2.32296296296296,2.71012345679012,-3.48444444444444,3.8716049382716,0.580740740740741,6.96888888888889,21.5703703703704,25.1654320987654,-32.3555555555556,35.9506172839506,5.39259259259259,64.7111111111111,0.291071689748515,0.00100685618500003,0.879867074529215
0.205,0.17236025324537,-29.7989130378804,19.7414596201319,0.287267088742284,30.0430900633113,0.517080759736111,2.43185444907407,2.83716352391975,-3.64778167361111,4.05309074845679,0.607963612268518,7.29556334722222,21.985262962963,25.6494734567901,-32.9778944444444,36.6421049382716,5.49631574074074,65.9557888888889,0.291157684132878,0.00108171068516755,0.879952571240077
0.21,0.184796052,-29.784404606,19.722805922,0.30799342,30.046199013,0.554388156,2.542806,2.966607,-3.814209,4.23801,0.6357015,7.628418,22.3944,26.1268,-33.5916,37.324,5.5986,67.1832,0.291247645837622,0.00116006744503736,0.88004200153957
0.215,0.197791698810185,-29.7692430180548,19.7033124517847,0.329652831350309,30.0494479247025,0.593375096430556,2.65578889351852,3.09842037577161,-3.98368334027778,4.42631482253087,0.66394722337963,7.96736668055556,22.7978037037037,26.597437654321,-34.1967055555556,37.9963395061728,5.69945092592593,68.3934111111111,0.291341647589885,0.00124199652145268,0.880135436271528
0.22,0.211357278814815,-29.7534165080494,19.6829640817778,0.352262131358025,30.0528393197037,0.634071836444444,2.77077451851852,3.23257027160494,-4.15616177777778,4.6179575308642,0.69269362962963,8.31232355555556,23.1954962962963,27.061412345679,-34.7932444444444,38.6591604938272,5.79887407407407,69.5864888888889,0.291439760986016,0.00132756746253135,0.880232945057691
0.225,0.225502734375,-29.7369134765625,19.6617458984375,0.375837890625,30.0563756835937,0.676508203125,2.887734375,3.3690234375,-4.3316015625,4.812890625,0.72193359375,8.663203125,23.5875,27.51875,-35.38125,39.3125,5.896875,70.7625,0.291542056491801,0.00141684932407284,0.880334596295347
0.23,0.24023786562963,-29.7197224900988,19.6396432015556,0.400396442716049,30.0600594664074,0.720713596888889,3.00664007407407,3.50774675308642,-4.50996011111111,5.01106679012346,0.751660018518519,9.01992022222222,23.973837037037,27.9694765432099,-35.9607555555556,39.9563950617284,5.99345925925926,71.9215111111111,0.291648603442625,0.0015099106859167,0.880440457155001
0.235,0.255572331050926,-29.7018322804406,19.6166415034236,0.425953885084876,30.0638930827627,0.766716993152778,3.12746333796296,3.64870722762346,-4.69119500694444,5.21243889660494,0.781865834490741,9.38239001388889,24.3545296296296,28.4136179012346,-36.5317944444444,40.5908827160494,6.08863240740741,73.0635888888889,0.291759470043556,0.0016068196682402,0.880550593578058
0.24,0.271515648,-29.683231744,19.592726528,0.45252608,30.067878912,0.814546944,3.250176,3.791872,-4.875264,5.41696,0.812544,9.750528,24.7296,28.8512,-37.0944,41.216,6.1824,74.1888,0.291874723369366,0.00170764394778375,0.880665070274521
0.245,0.288077193282407,-29.6639099411705,19.5678842100764,0.480128655470679,30.0720192983206,0.864231579847222,3.37475000462963,3.93720833873457,-5.06212500694444,5.62458334104938,0.843687501157407,10.1242500138889,25.0990703703704,29.2822487654321,-37.6486055555556,41.8317839506173,6.27476759259259,75.2972111111111,0.291994429364469,0.00181245077399264,0.880783950720737
0.25,0.305266203703704,-29.643856095679,19.5421006944444,0.508777006172839,30.0763165509259,0.915798611111111,3.50115740740741,4.08468364197531,-5.25173611111111,5.83526234567901,0.875289351851852,10.5034722222222,25.462962962963,29.7067901234568,-38.1944444444444,42.4382716049383,6.36574074074074,76.3888888888889,0.292118652842787,0.00192130698506409,0.880907297157159
0.255,0.323091776625,-29.6230595939375,19.5153623350625,0.538486294375,30.0807729441563,0.969275329875,3.629370375,4.2342654375,-5.4440555625,6.048950625,0.90734259375,10.888111125,25.8213,30.12485,-38.73195,43.0355,6.455325,77.4639,0.292247457487544,0.00203427902388849,0.881035170586154
0.26,0.341562870518519,-29.6015099843951,19.4876556942222,0.569271450864198,30.0853907176296,1.02468861155556,3.75936118518519,4.38592138271605,-5.63904177777778,6.26560197530864,0.939840296296296,11.2780835555556,26.1741037037037,30.5364543209877,-39.2611555555556,43.6235061728395,6.54352592592593,78.5223111111111,0.292380905850975,0.00215143295387435,0.881167630769856
0.265,0.360688305523148,-29.5791969768897,19.4589675417153,0.601147175871914,30.0901720763808,1.08206491656944,3.89110222685185,4.53961926466049,-5.83665334027778,6.48517037808642,0.972775556712963,11.6733066805556,26.5213962962963,30.9416290123457,-39.7820944444444,44.2023271604938,6.63034907407407,79.5641888888889,0.29251905935396,0.00227283447464659,0.881304736228062
0.27,0.380476764,-29.556110442,19.429284854,0.63412794,30.095119191,1.141430292,4.024566,4.695327,-6.036849,6.70761,1.0061415,12.073698,26.8632,31.3404,-40.2948,44.772,6.7158,80.5896,0.292661978285573,0.00239854893760768,0.881446544236183
0.275,0.400936791087963,-29.5322404103974,19.3985948133681,0.668227985146605,30.100234197772,1.20281037326389,4.15972511574074,4.85301263503086,-6.23958767361111,6.93287519290124,1.03993127893519,12.4791753472222,27.199537037037,31.7327932098765,-40.7993055555556,45.3325617283951,6.79988425925926,81.5986111111111,0.292809721802556,0.00252864136135195,0.881593110823245
0.28,0.422076795259259,-29.5075770721975,19.3668848071111,0.703461325432099,30.1055191988148,1.26623038577778,4.2965522962963,5.01264434567901,-6.44482844444445,7.16092049382716,1.07413807407407,12.8896568888889,27.5304296296296,32.1188345679012,-41.2956444444444,45.8840493827161,6.88260740740741,82.5912888888889,0.292962347928695,0.00266317644692316,0.881744490769962
0.285,0.443905048875,-29.4821107763125,19.3341424266875,0.739841748125,30.1109762622187,1.331715146625,4.435020375,5.1741904375,-6.6525305625,7.391700625,1.10875509375,13.305061125,27.8559,32.49855,-41.78385,46.4265,6.963975,83.5677,0.293119913554128,0.00280221859290578,0.881900737606859
0.29,0.466429688740741,-29.4558320298025,19.3003554668889,0.777382814567901,30.1166074221852,1.39928906622222,4.5751022962963,5.33761934567901,-6.86265344444444,7.62517049382716,1.14377557407407,13.7253068888889,28.1759703703704,32.8719654320988,-42.2639555555556,46.959950617284,7.04399259259259,84.5279111111111,0.293282474434546,0.00294583191034071,0.882061903612472
0.295,0.489658716662037,-29.4287314972276,19.2655119250069,0.816097861103395,30.1224146791655,1.46897614998611,4.71677111574074,5.50289963503086,-7.07515667361111,7.86128519290123,1.17919277893519,14.1503133472222,28.490662962963,33.2391067901235,-42.7359944444444,47.4844382716049,7.12266574074074,85.4719888888889,0.293450085190323,0.00309408023745617,0.882228039811618
0.3,0.5136,-29.4008,19.2296,0.856,30.1284,1.5408,4.86,5.67,-7.29,8.1,1.215,14.58,28.8,33.6,-43.2,48,7.2,86.4,0.293622799305542,0.00324702715420501,0.882399195973736
0.305,0.538261272226852,-29.3720285157353,19.1926080916597,0.897102120378087,30.1345653180567,1.61478381668056,5.00476222685185,5.8388892646605,-7.50714334027778,8.34127037808642,1.25119055671296,15.0142866805556,29.1040037037037,33.9546709876543,-43.6560055555556,48.5066728395062,7.27600092592593,87.3120111111111,0.293800669126935,0.00340473599659958,0.882575420611314
0.31,0.563650133481482,-29.3424081776049,19.1545247997778,0.939416889135803,30.1409125333704,1.69095040044444,5.15103118518518,6.00953638271605,-7.72654677777778,8.58505197530864,1.2877577962963,15.4530935555556,29.4026962962963,34.3031456790123,-44.1040444444444,49.0044938271605,7.35067407407407,88.2080888888889,0.293983745862727,0.00356726987083558,0.882756760978391
0.315,0.589774051125,-29.3119302736875,19.1153389233125,0.982956751875,30.1474435127813,1.769322153375,5.298780375,6.1819104375,-7.9481705625,8.831300625,1.32469509375,15.896341125,29.6961,34.64545,-44.54415,49.4935,7.424025,89.0883,0.294172079581384,0.00373469166719677,0.882943263069148
0.32,0.616640360296296,-29.280586246321,19.0750394595556,1.02773393382716,30.1541600900741,1.84992108088889,5.44798340740741,6.35598064197531,-8.17197511111111,9.07997234567901,1.36199585185185,16.3439502222222,29.984237037037,34.9816098765432,-44.9763555555556,49.9737283950617,7.49605925925926,89.9527111111111,0.294365719210266,0.00390706407373205,0.883134971616589
0.325,0.644256264467593,-29.2483676914545,19.0336156032986,1.07376044077932,30.1610640661169,1.93276879340278,5.59861400462963,6.53171633873457,-8.39792100694445,9.33102334104938,1.39965350115741,16.7958420138889,30.2671296296296,35.3116512345679,-45.4006944444444,50.4452160493827,7.56678240740741,90.8013888888889,0.294564712534183,0.00408444958969716,0.883331930091311
0.33,0.672628836,-29.215266358,18.991056746,1.12104806,30.168157209,2.017886508,5.750646,6.709087,-8.625969,9.58441,1.4376615,17.251938,30.5448,35.6356,-45.8172,50.908,7.6362,91.6344,0.294769106193843,0.00426691053875321,0.883534180700371
0.335,0.701765016699074,-29.1812741471844,18.9473524749514,1.16960836116512,30.1754412541748,2.10529505009722,5.90405333796296,6.88806222762346,-8.85608000694445,9.84008889660494,1.47601333449074,17.7121600138889,30.8172703703704,35.9534820987654,-46.2259055555556,51.3621172839506,7.70431759259259,92.4518111111111,0.294978945684208,0.00445450908191424,0.883741764386249
0.34,0.731671618370371,-29.1463831119012,18.9024925724444,1.21945269728395,30.1829179045926,2.19501485511111,6.05881007407408,7.06861175308642,-9.08821511111111,10.0980167901235,1.51470251851852,18.1764302222222,31.084562962963,36.2653234567901,-46.6268444444445,51.8076049382716,7.77114074074074,93.2536888888889,0.295194275352742,0.0046473072302365,0.883954720825911
0.345,0.762355323375,-29.1105854560625,18.8564670149375,1.270592205625,30.1905888308438,2.287065970125,6.214890375,7.2507054375,-9.3223355625,10.358150625,1.55372259375,18.644671125,31.3467,36.57115,-47.02005,52.2445,7.836675,94.0401,0.29541513839756,0.00484536685724217,0.884173088429981
0.35,0.793822685185185,-29.0738735339506,18.8092659722222,1.32303780864197,30.1984556712963,2.38146805555555,6.37226851851852,7.43431327160494,-9.55840277777778,10.6204475308642,1.59306712962963,19.1168055555556,31.6037037037037,36.870987654321,-47.4055555555555,52.6728395061728,7.90092592592592,94.8111111111111,0.295641576865466,0.00504874971107033,0.884396904342012
0.355,0.826080128939815,-29.0362398495702,18.7608798065903,1.37680021489969,30.206520032235,2.47824038681944,6.53091889351852,7.6194053757716,-9.79637834027778,10.8848648225309,1.63272972337963,19.5927566805556,31.8555962962963,37.164862345679,-47.7833944444444,53.0926604938271,7.96389907407407,95.5667888888889,0.295873631649887,0.00525751742634823,0.88462620443787
0.36,0.859133952,-28.997677056,18.711299072,1.43188992,30.214783488,2.577401856,6.690816,7.805952,-10.036224,11.15136,1.672704,20.072448,32.1024,37.4528,-48.1536,53.504,8.0256,96.3072,0.296111342488707,0.0054717315357762,0.884861023325226
0.365,0.89299032450463,-28.9581779547446,18.6605145132431,1.48831720750772,30.2232475811262,2.67897097351389,6.85193444907407,7.99392352391975,-10.2779016736111,11.4198907484568,1.71298361226852,20.5558033472222,32.344137037037,37.7348265432099,-48.5162055555556,53.9068950617284,8.08603425925926,97.0324111111111,0.296354747961979,0.00569145348141938,0.885101394343165
0.37,0.927655289925926,-28.9177354950864,18.6085170651111,1.54609214987654,30.2319138224815,2.78296586977778,7.01424896296296,8.18329045679012,-10.5213734444444,11.6904149382716,1.75356224074074,21.0427468888889,32.5808296296296,38.0109679012346,-48.8712444444444,54.3013827160494,8.14520740740741,97.7424888888889,0.296603885489543,0.00591674462569992,0.885347349561908
0.375,0.963134765625,-28.8763427734375,18.5552978515625,1.605224609375,30.2407836914062,2.889404296875,7.177734375,8.3740234375,-10.7666015625,11.962890625,1.79443359375,21.533203125,32.8125,38.28125,-49.21875,54.6875,8.203125,98.4375,0.296858791328526,0.00614766626208326,0.885598919782656
0.38,0.999434543407407,-28.8339930326914,18.5008481848889,1.66572423901235,30.2498586358519,2.99830363022222,7.34236562962963,8.5660932345679,-11.0135484444444,12.2372760493827,1.83559140740741,22.0270968888889,33.0391703703704,38.5456987654321,-49.5587555555556,55.0652839506173,8.25979259259259,99.1175111111111,0.297119500570734,0.00638427962545232,0.885856134537544
0.385,1.0365602900787,-28.7906796615748,18.4451595648819,1.72760048346451,30.2591400725197,3.10968087023611,7.50811778240741,8.75947074614197,-11.2621766736111,12.5135296373457,1.87702944560185,22.5243533472222,33.260862962963,38.8043401234568,-49.8912944444444,55.4347716049383,8.31521574074074,99.7825888888889,0.297386047139933,0.00662664590216359,0.886119022089735
0.39,1.074517548,-28.746396194,18.388223678,1.79086258,30.268629387,3.223552644,7.674966,8.954127,-11.512449,12.79161,1.9187415,23.024898,33.4776,39.0572,-50.2164,55.796,8.3694,100.4328,0.297658463789021,0.00687482623977919,0.886387609433619
0.395,1.11331173564352,-28.7011363084159,18.3300323965347,1.85551955940586,30.2783279339109,3.33993520693056,7.84288556018519,9.15003315354938,-11.7643283402778,13.071475933642,1.9607213900463,23.5286566805556,33.6894037037037,39.3043043209877,-50.5341055555556,56.1490061728395,8.42235092592593,101.068211111111,0.297936782097089,0.00712888175646919,0.886661922295153
0.4,1.15294814814815,-28.6548938271605,18.2705777777778,1.92158024691358,30.288237037037,3.45884444444444,8.01185185185185,9.34716049382716,-12.0177777777778,13.3530864197531,2.00296296296296,24.0355555555556,33.8962962962963,39.5456790123457,-50.8444444444444,56.4938271604938,8.47407407407407,101.688888888889,0.298221032466369,0.00738887355007854,0.88694198513232
0.405,1.193431957875,-28.6076627158125,18.2098520631875,1.989053263125,30.2983579894688,3.580295873625,8.181840375,9.5454804375,-12.2727605625,13.636400625,2.04546009375,24.545521125,34.0983,39.78135,-51.14745,56.8305,8.524575,102.2949,0.298511244119068,0.00765486270685314,0.887227821135724
0.41,1.23476821496296,-28.5594370825432,18.1478476775556,2.05794702493827,30.3086920537407,3.70430464488889,8.35282674074074,9.7449645308642,-12.5292401111111,13.9213779012346,2.08820668518519,25.0584802222222,34.295437037037,40.0113432098765,-51.4431555555555,57.1590617283951,8.57385925925926,102.886311111111,0.298807445094104,0.00792691030981978,0.887519452229309
0.415,1.27696184788426,-28.5102111774684,18.0845572281736,2.12826974647377,30.3192404619711,3.83088554365278,8.5247866712963,9.94558444984568,-12.7871800069444,14.2079777854938,2.13119666782407,25.5743600138889,34.4877296296296,40.2356845679012,-51.7315944444445,57.4795493827161,8.62193240740741,103.463188888889,0.299109662243712,0.00820507744681464,0.887816899071223
0.42,1.320017664,-28.459979392,18.019973504,2.20002944,30.330004416,3.960052992,8.697696,10.147312,-13.046544,14.49616,2.174424,26.093088,34.6752,40.4544,-52.0128,57.792,8.6688,104.0256,0.299417921229958,0.00848942521815535,0.888120181054805
0.425,1.36394035011574,-28.4087362581983,17.9540894748264,2.27323391685957,30.3409850875289,4.09182105034722,8.8715306712963,10.3501191165123,-13.3072960069444,14.7858844521605,2.21788266782407,26.6145920138889,34.8578703703704,40.6675154320988,-52.2868055555556,58.096450617284,8.71446759259259,104.573611111111,0.29973224652113,0.00878001474395165,0.888429316309715
0.43,1.40873447303704,-28.3564764481235,17.8868982904444,2.34789078839506,30.3521836182593,4.22620341911111,9.04626674074074,10.5539778641975,-13.5694001111111,15.0771112345679,2.26156668518519,27.1388002222222,35.035762962963,40.8750567901235,-52.5536444444444,58.3929382716049,8.75894074074074,105.107288888889,0.300052661388033,0.00907690717104983,0.888744321703198
0.435,1.454404480125,-28.3031947731875,17.8183932798125,2.424007466875,30.3636011200313,4.363213440375,9.221880375,10.7588604375,-13.8328205625,15.369800625,2.30547009375,27.665641125,35.2089,41.07705,-52.81335,58.6815,8.802225,105.6267,0.300379187900159,0.00938016367960623,0.889065212841494
0.44,1.50095469985185,-28.2488861835062,17.7485679502222,2.50159116641975,30.375238674963,4.50286409955556,9.39834785185185,10.9647391604938,-14.0975217777778,15.6639130864198,2.34958696296296,28.1950435555556,35.3773037037037,41.2735209876543,-53.0659555555556,58.9621728395062,8.84432592592593,106.131911111111,0.300711846921772,0.00968984548928539,0.889392004071378
0.445,1.54838934235648,-28.1935457672508,17.6774159864653,2.58064890392747,30.3870973355891,4.64516802706945,9.57564556018519,11.1715864868827,-14.3634683402778,15.9594092669753,2.3939113900463,28.7269366805556,35.5409962962963,41.4644956790124,-53.3114944444444,59.2349938271605,8.88524907407407,106.622988888889,0.301050658107864,0.0100060138650781,0.889724708481853
0.45,1.5967125,-28.13716875,17.60493125,2.6611875,30.399178125,4.7901375,9.75375,11.379375,-14.630625,16.25625,2.4384375,29.26125,35.7,41.65,-53.55,59.5,8.925,107.1,0.30139563990003,0.0103287301227355,0.890063337905977
0.455,1.6459281479213,-28.0797504940918,17.5311077781181,2.74321357986883,30.4114820369803,4.93778444376389,9.93263778240741,11.5880774128086,-14.8989566736111,16.5543963040123,2.48315944560185,29.7979133472222,35.854337037037,41.8300598765432,-53.7815055555556,59.7572283950617,8.96358425925926,107.563011111111,0.30174680952222,0.0106580556338146,0.890407902922839
0.46,1.69604014459259,-28.0212864979753,17.4559397831111,2.82673357432099,30.4240100361481,5.08812043377778,10.1122856296296,11.7976665679012,-15.1684284444444,16.8538093827161,2.52807140740741,30.3368568888889,36.0040296296296,42.0047012345679,-54.0060444444445,60.0067160493827,9.00100740740741,108.012088888889,0.302104182976404,0.0109940518303313,0.89075841285968
0.465,1.747052232375,-27.9617723955625,17.3794216514375,2.911753720625,30.4367630580937,5.241156697125,10.292670375,12.0081154375,-15.4390055625,17.154450625,2.57316759375,30.878011125,36.1491,42.17395,-54.22365,60.2485,9.037275,108.4473,0.302467775038135,0.0113367802090173,0.891114875794156
0.47,1.79896803807407,-27.9012039555802,17.3015479428889,2.99828006345679,30.4497420095185,5.39690411422222,10.473768962963,12.2193971234568,-15.7106534444444,17.4562816049383,2.61844224074074,31.4213068888889,36.2895703703704,42.3378320987654,-54.4343555555555,60.4826172839506,9.07239259259259,108.868711111111,0.302837599252009,0.0116863023351764,0.891477298556759
0.475,1.85179107349537,-27.8395770809221,17.2223133897569,3.08631845582562,30.4629477683738,5.55537322048611,10.6555584490741,12.4314848572531,-15.9833376736111,17.7592640817901,2.66388961226852,31.9666753472222,36.425462962963,42.4963734567901,-54.6381944444444,60.7091049382716,9.10636574074074,109.276388888889,0.303213667927042,0.0120426798461373,0.891845686733367
0.48,1.905524736,-27.776887808,17.141712896,3.17587456,30.476381184,5.716574208,10.838016,12.644352,-16.257024,18.06336,2.709504,32.514048,36.5568,42.6496,-54.8352,60.928,9.1392,109.6704,0.303595992131942,0.0124059744542987,0.892220044667968
0.485,1.96017230906018,-27.7131323060965,17.0597415364097,3.26695384843364,30.490043077265,5.88051692718055,11.0211188935185,12.8579720424383,-16.5316783402778,18.3685314891975,2.75527972337963,33.0633566805556,36.6836037037037,42.797537654321,-55.0254055555555,61.1393395061728,9.17090092592592,110.050811111111,0.303984581690303,0.0127762479497635,0.892600375465511
0.49,2.01573696281481,-27.648306876716,16.9763945557778,3.35956160469136,30.5039342407037,6.04721088844444,11.2048445185185,13.0723186049383,-16.8072667777778,18.6747408641975,2.80121112962963,33.6145335555555,36.8058962962963,42.940212345679,-55.2088444444445,61.3431604938272,9.20147407407408,110.417688888889,0.304379445175707,0.0131535622025585,0.892986680994923
0.495,2.072221754625,-27.5824079529375,16.8916673680625,3.453702924375,30.5180554386563,6.216665263875,11.389170375,13.2873654375,-17.0837555625,18.981950625,2.84729259375,34.167511125,36.9237,43.07765,-55.38555,61.5395,9.230925,110.7711,0.304780589906743,0.0135379791644376,0.893378961892269
0.5,2.12962962962963,-27.5154320987654,16.8055555555556,3.54938271604938,30.5324074074074,6.38888888888889,11.5740740740741,13.5030864197531,-17.3611111111111,19.2901234567901,2.89351851851852,34.7222222222222,37.037037037037,43.2098765432099,-55.5555555555556,61.7283950617284,9.25925925925926,111.111111111111,0.305188021941947,0.0139295608702629,0.893777217564067
0.505,2.18796342130093,-27.4473760084823,16.7180548680486,3.64660570216821,30.5469908553252,6.56389026390278,11.759533337963,13.7194555609568,-17.6393000069444,19.5992222299383,2.93988333449074,35.2786000138889,37.1459296296296,43.3369179012346,-55.7188944444444,61.9098827160494,9.28648240740741,111.437788888889,0.305601746074664,0.0143283694389641,0.894181446190759
0.51,2.247225852,-27.378236506,16.629161222,3.74537642,30.561806463,6.741677556,11.945526,13.936447,-17.918289,19.90921,2.9863815,35.836578,37.2504,43.4588,-55.8756,62.084,9.3126,111.7512,0.306021765827841,0.0147344670740703,0.894591644730328
0.515,2.30741953353241,-27.3080105442122,16.5388706997014,3.84569922255401,30.5768548833831,6.92225860059722,12.1320300046296,14.1540350054012,-18.1980450069444,20.2200500077161,3.03300750115741,36.3960900138889,37.3504703703704,43.5755487654321,-56.0257055555555,62.2507839506173,9.33761759259259,112.051411111111,0.306448083448743,0.015147916063813,0.895007808922075
0.52,2.3685469677037,-27.2366952043457,16.4471795484444,3.94757827950617,30.5921367419259,7.10564090311111,12.3190234074074,14.3721939753086,-18.4785351111111,20.5317056790123,3.07975585185185,36.9570702222222,37.446162962963,43.6871901234568,-56.1692444444444,62.4102716049383,9.36154074074074,112.338488888889,0.306880699903611,0.0155687787807985,0.895429933290548
0.525,2.430610546875,-27.1642876953125,16.3540841796875,4.051017578125,30.6076526367188,7.291831640625,12.506484375,14.5908984375,-18.7597265625,20.844140625,3.12662109375,37.519453125,37.5375,43.79375,-56.30625,62.5625,9.384375,112.6125,0.307319614872256,0.0159971176812448,0.895858011149625
0.53,2.49361255451852,-27.0907853530617,16.2595811682222,4.15602092419753,30.6234031386296,7.48083766355556,12.6943911851852,14.8101230493827,-19.0415867777778,21.1573186419753,3.1735977962963,38.0831735555556,37.6245037037037,43.8952543209876,-56.4367555555555,62.7075061728395,9.40612592592593,112.873511111111,0.307764826742597,0.0164329953037838,0.896292034606753
0.535,2.55755516577315,-27.0161856399313,16.1636672513403,4.26259194295525,30.6393887914433,7.67266549731945,12.8827222268519,15.0298425979938,-19.3240833402778,21.4712037114198,3.22068055671296,38.6481666805556,37.7071962962963,43.9917290123457,-56.5607944444445,62.8453271604938,9.42679907407408,113.121588888889,0.308216332605145,0.0168764742678234,0.896731994567346
0.54,2.622440448,-26.940486144,16.066339328,4.37073408,30.655610112,7.867321344,13.071456,15.250032,-19.607184,21.78576,3.267864,39.214368,37.7856,44.0832,-56.6784,62.976,9.4464,113.3568,0.308674128247443,0.0173276172714705,0.897177880739329
0.545,2.68827036133796,-26.863684578439,15.9675944579931,4.48045060222994,30.6720675903345,8.06481108401389,13.2605711157407,15.4706663016975,-19.8908566736111,22.1009518595679,3.31514277893518,39.7817133472222,37.859737037037,44.1696932098765,-56.7896055555556,63.0995617283951,9.46493425925926,113.579211111111,0.30913820814846,0.0177864870890106,0.897629681637851
0.55,2.75504675925926,-26.7857787808642,15.8674298611111,4.59174459876543,30.6887616898148,8.26514027777778,13.4500462962963,15.6917206790123,-20.1750694444444,22.4167438271605,3.36251157407407,40.3501388888889,37.9296296296296,44.2512345679012,-56.8944444444444,63.216049382716,9.4824074074074,113.788888888889,0.309608565472953,0.0182531465679438,0.898087384590143
0.555,2.822771389125,-26.7067667126875,15.7658429163125,4.704618981875,30.7056928472812,8.468314167375,13.639860375,15.9131704375,-20.4597905625,22.733100625,3.40996509375,40.919581125,37.9953,44.32785,-56.99295,63.3255,9.498825,113.9859,0.310085192065792,0.0187276586255748,0.898550975740543
0.56,2.89144589274074,-26.6266464584691,15.6628311608889,4.81907648790123,30.7228614731852,8.67433767822222,13.8299922962963,16.1349910123457,-20.7449884444444,23.0499871604938,3.45749807407407,41.4899768888889,38.0567703703704,44.3995654320988,-57.0851555555556,63.4279506172839,9.51419259259259,114.170311111111,0.310568078446259,0.0192100862451555,0.899020440055665
0.565,2.96107180691204,-26.5454162252693,15.5583922896319,4.93511967818673,30.740267951728,8.88321542073611,14.0204211157407,16.3571579683642,-21.0306316736111,23.3673685262346,3.50510527893519,42.0612633472222,38.114062962963,44.4664067901235,-57.1710944444444,63.5234382716049,9.52851574074074,114.342188888889,0.311057213802334,0.0197004924715789,0.899495761329738
0.57,3.031650564,-26.463074342,15.452524154,5.05275094,30.757912641,9.094951692,14.211126,16.579647,-21.316689,23.68521,3.5527815,42.633378,38.1672,44.5284,-57.2508,63.612,9.5418,114.5016,0.311552585984957,0.0201989404066241,0.899976922190091
0.575,3.10318349247685,-26.379619258777,15.3452247612847,5.17197248746142,30.7757958731192,9.30955047743056,14.4020862268519,16.8024339313272,-21.6031293402778,24.0034770447531,3.60052155671296,43.2062586805556,38.2162037037037,44.5855709876543,-57.3243055555555,63.6936728395062,9.55405092592592,114.648611111111,0.312054181502285,0.0207054932037487,0.900463904102805
0.58,3.17567181748148,-26.2950495462716,15.2364922737778,5.29278636246914,30.7939179543704,9.52701545244445,14.5932811851852,17.0254947160494,-21.8899217777778,24.322135308642,3.6483202962963,43.7798435555556,38.2610962962963,44.6379456790123,-57.3916444444445,63.7684938271605,9.56527407407408,114.783288888889,0.312561985513952,0.0212202140624314,0.900956687378513
0.585,3.249116661375,-26.2093638950625,15.1263250079375,5.415194435625,30.8122791653437,9.747349984125,14.784690375,17.2488054375,-22.1770355625,24.641150625,3.69617259375,44.354071125,38.3019,44.68555,-57.45285,63.8365,9.575475,114.9057,0.313075981825327,0.021743166222061,0.901455251178359
0.59,3.3235190442963,-26.1225611149877,15.0147214335556,5.53919840716049,30.8308797610741,9.97055713288889,14.9762934074074,17.472342308642,-22.4644401111111,24.9604890123457,3.74407335185185,44.9288802222222,38.338637037037,44.7284098765432,-57.5079555555555,63.8977283950617,9.58465925925926,115.015911111111,0.313596152881784,0.0222744129553725,0.901959573520119
0.595,3.39887988471759,-26.0346401344961,14.9016801729236,5.66479980786266,30.8497199711794,10.1966396541528,15.1680700046296,17.6960816720679,-22.7521050069444,25.2801166743827,3.79201750115741,45.5042100138889,38.3713296296296,44.7665512345679,-57.5569944444444,63.9522160493827,9.59283240740741,115.113988888889,0.314122479762994,0.0228140175614301,0.902469631284474
0.6,3.4752,-25.9456,14.7872,5.792,30.8688,10.4256,15.36,17.92,-23.04,25.6,3.84,46.08,38.4,44.8,-57.6,64,9.6,115.2,0.314654942177239,0.0233620433581565,0.902985400221437
0.605,3.55248010694907,-25.8554398752261,14.6712798395764,5.92080017824846,30.8881200267373,10.6574403208472,15.552063337963,18.1440738942901,-23.3280950069444,25.9201055632716,3.88801583449074,46.6561900138889,38.4246703703704,44.8287820987654,-57.6370055555556,64.0411172839506,9.60616759259259,115.274011111111,0.315193518455757,0.023918553674408,0.903506854956943
0.61,3.63072082237037,-25.7641590405679,14.5539187664444,6.05120137061728,30.9076802055926,10.8921624671111,15.7442400740741,18.3682800864198,-23.6163601111111,26.2404001234568,3.93606001851852,47.2327202222222,38.445362962963,44.8529234567901,-57.6680444444445,64.0756049382716,9.61134074074074,115.336088888889,0.315738185547134,0.0244836118415968,0.904033968999591
0.615,3.709922663625,-25.6717568924375,14.4351160045625,6.183204439375,30.9274806659062,11.129767990875,15.936510375,18.5925954375,-23.9047655625,26.560850625,3.98412759375,47.809531125,38.4621,44.87245,-57.69315,64.1035,9.615525,115.3863,0.316288919011734,0.0250572811848591,0.904566714747543
0.62,3.79008604918519,-25.5782329426173,14.3148709262222,6.31681008197531,30.9475215122963,11.3702581475556,16.1288545185185,18.8169969382716,-24.1932817777778,26.8814241975309,4.03221362962963,48.3865635555555,38.4749037037037,44.887387654321,-57.7123555555556,64.1248395061728,9.61872592592593,115.424711111111,0.316845693016188,0.0256396250137709,0.905105063495575
0.625,3.87121129918981,-25.4835868176119,14.1931830512153,6.45201883198303,30.9678028247975,11.6136338975694,16.3212528935185,19.0414617091049,-24.4818793402778,27.2020881558642,4.08031322337963,48.9637586805556,38.4837962962963,44.897762345679,-57.7256944444444,64.1396604938272,9.62094907407407,115.451388888889,0.317408480327949,0.026230706612611,0.90564898544229
0.63,3.953298636,-25.387818258,14.070052046,6.58883106,30.988324659,11.859895908,16.513686,19.265967,-24.770529,27.52281,4.1284215,49.541058,38.4888,44.9036,-57.7332,64.148,9.6222,115.4664,0.317977252309916,0.0268305892301733,0.906198449697478
0.635,4.03634818475463,-25.2909271177863,13.9454777228681,6.72724697459105,31.0090870461887,12.1090445542639,16.7061344490741,19.4904901905864,-25.0592016736111,27.8435574151235,4.17653361226852,50.1184033472222,38.489937037037,44.9049265432099,-57.7349055555555,64.1498950617284,9.62248425925926,115.469811111111,0.318551978915133,0.0274393360691276,0.906753424289639
0.64,4.12035997392593,-25.1929133637531,13.8194600391111,6.86726662320988,31.0300899934815,12.3610799217778,16.898578962963,19.7150087901235,-25.3478684444444,28.1642982716049,4.22464474074074,50.6957368888889,38.4872296296296,44.9017679012346,-57.7308444444444,64.1453827160494,9.62180740740741,115.461688888889,0.31913262868158,0.0280570102749322,0.90731387617365
0.645,4.205333935875,-25.0937770748125,13.6919990961875,7.008889893125,31.0513334839688,12.616001807625,17.091000375,19.9395004375,-25.6365005625,28.485000625,4.27275009375,51.273001125,38.4807,44.89415,-57.72105,64.1345,9.620175,115.4421,0.319719168727065,0.0286836749242979,0.907879771238596
0.65,4.29126990740741,-24.993518441358,13.5630951388889,7.15211651234568,31.0728174768519,12.8738097222222,17.2833796296296,20.1639429012346,-25.9250694444444,28.8056327160494,4.32084490740741,51.8501388888889,38.4703703703704,44.8820987654321,-57.7055555555555,64.1172839506173,9.61759259259259,115.411111111111,0.320311564744209,0.0293193930132061,0.908451074315743
0.655,4.37816763032871,-24.8921377646165,13.4327485545069,7.29694605054784,31.0945419075822,13.1345028909861,17.4756977824074,20.3883140794753,-26.2135466736111,29.126162970679,4.36892444560185,52.4270933472222,38.456262962963,44.8656401234568,-57.6843944444445,64.0937716049383,9.61406574074074,115.368788888889,0.320909780995555,0.0299642274444821,0.909027749186675
0.66,4.466026752,-24.789635456,13.300959872,7.44337792,31.116506688,13.398080256,17.667936,20.612592,-26.501904,29.44656,4.416984,53.003808,38.4384,44.8448,-57.6576,64.064,9.6096,115.3152,0.321513780308792,0.0306182410149265,0.909609758591571
0.665,4.55484682589352,-24.6860120364576,13.1677297611597,7.5914113764892,31.1387117064734,13.6645404776806,17.8600755601852,20.8367548202161,-26.7901133402778,29.7667926003086,4.4650188900463,53.5802266805556,38.4168037037037,44.8196043209877,-57.6252055555556,64.0280061728395,9.60420092592592,115.250411111111,0.322123524072121,0.0312814964020054,0.910197064237643
0.67,4.64462731214815,-24.5812681358272,13.0330590317778,7.74104552024692,31.161156828037,13.9338819364444,18.0520978518519,21.0607808271605,-27.0781467777778,30.0868297530864,4.51302446296296,54.1562935555556,38.3914962962963,44.7900790123457,-57.5872444444445,63.9858271604938,9.59787407407408,115.174488888889,0.322738972229746,0.0319540561501039,0.910789626807722
0.675,4.735367578125,-24.4754044921875,12.8969486328125,7.892279296875,31.1838418945312,14.206102734375,18.243984375,21.2846484375,-27.3659765625,30.406640625,4.56099609375,54.731953125,38.3625,44.75625,-57.54375,63.9375,9.590625,115.0875,0.323360083277535,0.0326359826563431,0.911387405968986
0.68,4.82706689896296,-24.3684219512099,12.7593996515556,8.04511149827161,31.2067667247407,14.4812006968889,18.4357167407407,21.5083361975309,-27.6535751111111,30.7261945679012,4.60892918518519,55.3071502222222,38.329837037037,44.7181432098765,-57.4947555555556,63.8830617283951,9.58245925925926,114.989511111111,0.32398681425882,0.0333273381559659,0.91199036038185
0.685,4.91972445813426,-24.26032146551,12.6204133127986,8.1995407635571,31.2299311145336,14.7591733744028,18.6272766712963,21.731822783179,-27.9409150069445,31.0454611188272,4.65681916782408,55.8818300138889,38.2935296296296,44.6757845679012,-57.4402944444444,63.822549382716,9.5733824074074,114.880588888889,0.324619120760384,0.0340281847072928,0.912598447708997
0.69,5.013339348,-24.151104094,12.479990978,8.35556558,31.253334837,15.040018044,18.818646,21.955087,-28.227969,31.36441,4.7046615,56.455938,38.2536,44.6292,-57.3804,63.756,9.5634,114.7608,0.325256956908613,0.0347385841762519,0.913211624624554
0.695,5.10791057036574,-24.04077100124,12.3381341444514,8.5131842839429,31.2769776425914,15.3237317110972,19.0098066712963,22.178107783179,-28.5147100069444,31.6830111188272,4.75245166782407,57.0294200138889,38.2100703703704,44.5784154320988,-57.3151055555556,63.683450617284,9.5525175925926,114.630211111111,0.325900275365848,0.0354585982204864,0.913829846823423
0.7,5.20343703703704,-23.9293234567901,12.1948444444444,8.67239506172839,31.3008592592593,15.6103111111111,19.2007407407407,22.4008641975309,-28.8011111111111,32.0012345679012,4.80018518518518,57.6022222222222,38.162962962963,44.5234567901234,-57.2444444444444,63.6049382716049,9.54074074074074,114.488888888889,0.326549027326923,0.0361882882730437,0.914453069030751
0.705,5.299917570375,-23.8167628345625,12.0501236444375,8.833195950625,31.3249793925938,15.899752711125,19.391430375,22.6233354375,-29.0871455625,32.319050625,4.84785759375,58.174291125,38.1123,44.46435,-57.16845,63.5205,9.528075,114.3369,0.327203162515924,0.0369277155256494,0.915081245011551
0.71,5.39735090385185,-23.7030906121728,11.9039736442222,8.99558483975309,31.349337725963,16.1920527115556,19.5818578518519,22.8455008271605,-29.3727867777778,32.6364297530864,4.89546446296296,58.7455735555556,38.0581037037037,44.4011209876543,-57.0871555555556,63.4301728395062,9.51452592592593,114.174311111111,0.327862629183156,0.0376769409115712,0.915714327580458
0.715,5.49573568260648,-23.5883083702924,11.7563964760903,9.1595594710108,31.3739339206516,16.4872070478194,19.7720055601852,23.0673398202161,-29.6580083402778,32.9533426003086,4.9430013900463,59.3160166805556,38.0003962962963,44.3337956790123,-57.0005944444444,63.3339938271605,9.50009907407407,114.001188888889,0.328527374102343,0.0384360250880768,0.91635226861164
0.72,5.595070464,-23.472417792,11.607394304,9.32511744,31.398767616,16.785211392,19.961856,23.288832,-29.942784,33.26976,4.990464,59.885568,37.9392,44.2624,-56.9088,63.232,9.4848,113.8176,0.329197342568065,0.0392050284184903,0.91699501904884
0.725,5.6953537181713,-23.3554206621335,11.4569694227431,9.49225619695216,31.4238384295428,17.0860611545139,20.1513917824074,23.5099570794753,-30.2270876736111,33.585652970679,5.03784794560185,60.4541753472222,37.874537037037,44.1869598765432,-56.8118055555556,63.1242283950617,9.46863425925926,113.623611111111,0.329872478393445,0.0399840109538529,0.917642528915571
0.73,5.79658382859259,-23.237318866642,11.3051242571111,9.66097304765432,31.4491459571481,17.3897514857778,20.3405956296296,23.7306949012346,-30.5108934444444,33.9009927160494,5.08514890740741,61.0217868888889,37.8064296296296,44.1075012345679,-56.7096444444445,63.0107160493827,9.45160740740741,113.419288888889,0.33055272390809,0.0407730324141919,0.918294747325437
0.735,5.898759092625,-23.1181143919375,11.1518613610625,9.831265154375,31.4746897731562,17.696277277875,20.529450375,23.9510254375,-30.7941755625,34.215750625,5.13236259375,61.588351125,37.7349,44.02405,-56.60235,62.8915,9.433725,113.2047,0.331238019956306,0.0415721521694051,0.918951622492608
0.74,6.00187772207407,-22.9978093242469,10.9971834168889,10.0031295367901,31.5004694305185,18.0056331662222,20.717938962963,24.1709287901235,-31.0769084444444,34.5298982716049,5.17948474074074,62.1538168888889,37.6599703703704,43.9366320987654,-56.4899555555555,62.7666172839506,9.41499259259259,112.979911111111,0.33192830589559,0.0423814292197646,0.919613101742421
0.745,6.10593784374537,-22.8764058489637,10.8410932343819,10.1765630729089,31.5264844609363,18.3178135312361,20.9060444490741,24.3903851905864,-31.3590666736111,34.8434074151235,5.22651111226852,62.7181333472222,37.581662962963,43.8452734567901,-56.3724944444444,62.6361049382716,9.39541574074074,112.744988888889,0.332623519595409,0.0432009221760472,0.920279131522125
0.75,6.2109375,-22.75390625,10.68359375,10.3515625,31.552734375,18.6328125,21.09375,24.609375,-31.640625,35.15625,5.2734375,63.28125,37.5,43.75,-56.25,62.5,9.375,112.5,0.333323597436284,0.0440306892392974,0.920949657411759
0.755,6.31687464931018,-22.6303129091381,10.5246880260347,10.528124415517,31.5792186623275,18.9506239479306,21.2810388935185,24.8278787091049,-31.9215583402778,35.4683981558642,5.32025972337963,63.8431166805556,37.4150037037037,43.650837654321,-56.1225055555556,62.3583395061728,9.35375092592593,112.245011111111,0.334028474309176,0.0448707881802291,0.921624624135163
0.76,6.42374716681481,-22.5056283053827,10.3643792497778,10.7062452780247,31.6059367917037,19.2712415004444,21.4678945185185,25.0458769382716,-32.2018417777778,35.7798241975309,5.36697362962963,64.4036835555556,37.3266962962963,43.547812345679,-55.9900444444444,62.2111604938271,9.33167407407407,111.980088888889,0.334738083615198,0.0457212763182736,0.922303975571127
0.765,6.531552844875,-22.3798550143125,10.2026707326875,10.885921408125,31.6328882112188,19.594658534625,21.654300375,25.2633504375,-32.4814505625,36.090500625,5.41357509375,64.962901125,37.2351,43.44095,-55.85265,62.0585,9.308775,111.7053,0.33545235726566,0.04658221050028,0.922987654764666
0.77,6.64028939362963,-22.2529957074321,10.0395659095556,11.0671489893827,31.6600723484074,19.9208681808889,21.8402400740741,25.4802800864197,-32.7603601111111,36.4004001234568,5.46006001851852,65.5207202222222,37.140237037037,43.3302765432099,-55.7103555555556,61.9003950617284,9.28505925925926,111.420711111111,0.336171225682442,0.0474536470788758,0.923675603938431
0.775,6.74995444155093,-22.1250531515239,9.87506833767361,11.2499240692515,31.6874886103877,20.2498633246528,22.025697337963,25.6966468942901,-33.0385460069444,36.7094955632716,5.50642433449074,66.0770920138889,37.0421296296296,43.2158179012346,-55.5631944444445,61.7368827160494,9.26053240740741,111.126388888889,0.336894617798735,0.0483356418904961,0.924367764504244
0.78,6.860545536,-21.996030208,9.709181696,11.43424256,31.715136384,20.581636608,22.210656,25.912432,-33.315984,37.01776,5.552664,66.631968,36.9408,43.0976,-55.4112,61.568,9.2352,110.8224,0.337622461060127,0.0492282502330874,0.925064077074766
0.785,6.97206014378241,-21.8659298322539,9.54190978432639,11.6201002396373,31.7430150359456,20.9161804313472,22.3951000046296,26.1276166720679,-33.5926500069444,37.3251666743827,5.59877500115741,67.1853000138889,36.8362703703704,42.9756487654321,-55.2544055555555,61.3937839506173,9.20906759259259,110.508811111111,0.338354681426072,0.0501315268434957,0.925764481475289
0.79,7.08449565170371,-21.7347550730123,9.37325652244444,11.8074927528395,31.7711239129259,21.2534869551111,22.5790134074074,26.342182308642,-33.8685201111111,37.6316890123457,5.64475335185185,67.7370402222222,36.728562962963,42.8499901234568,-55.0928444444444,61.2142716049383,9.18214074074074,110.185688888889,0.339091203371733,0.0510455258745473,0.92646891675565
0.795,7.197849367125,-21.6025090716875,9.2032259493125,11.996415611875,31.7994623417813,21.593548101375,22.762380375,26.5561104375,-34.1435705625,37.937300625,5.69059509375,68.287141125,36.6177,42.72065,-54.92655,61.0295,9.154425,109.8531,0.33983194989022,0.0519703008718295,0.927177321202278
0.8,7.31211851851852,-21.4691950617284,9.03182222222222,12.1868641975309,31.8280296296296,21.9363555555556,22.9451851851852,26.7693827160494,-34.4177777777778,38.241975308642,5.7362962962963,68.8355555555556,36.5037037037037,42.5876543209877,-54.7555555555556,60.8395061728395,9.12592592592593,109.511111111111,0.340576842495224,0.0529059047501821,0.92788963235035
0.805,7.42730025602315,-21.334816367973,8.85904961596528,12.3788337600386,31.8568250640058,22.2819007680694,23.1274122268518,26.9819809313272,-34.6911183402778,38.5456870447531,5.78185305671296,69.3822366805556,36.3865962962963,42.4510290123457,-54.5798944444445,60.6443271604938,9.09664907407408,109.159788888889,0.341325801224071,0.0538523897699075,0.928605786996076
0.81,7.543391652,-21.199376406,8.684912522,12.57231942,31.885847913,22.630174956,23.309046,27.193887,-34.963569,38.84841,5.8272615,69.927138,36.2664,42.3108,-54.3996,60.444,9.0666,108.7992,0.342078744641188,0.0548098075127099,0.929325721209106
0.815,7.66038970158796,-21.0628786814807,8.50941544761806,12.7673161693133,31.915097425397,22.9811691047639,23.4900711157407,27.4050829683642,-35.2351066736111,39.1501185262346,5.87251777893518,70.4702133472222,36.143137037037,42.1669932098765,-54.2147055555556,60.2385617283951,9.03578425925926,108.429411111111,0.342835589842,0.0557782088573723,0.930049370345042
0.82,7.77829132325926,-20.9253267895309,8.33256301511111,12.9638188720988,31.9445728308148,23.3348739697778,23.6704722962963,27.6155510123457,-35.5057084444444,39.4507871604938,5.91761807407407,71.0114168888889,36.0168296296296,42.0196345679012,-54.0252444444444,60.028049382716,9.00420740740741,108.050488888889,0.343596252457275,0.0567576439551825,0.930776669058078
0.825,7.897093359375,-20.7867244140625,8.15435996093751,13.161822265625,31.9742733398437,23.691280078125,23.850234375,27.8252734375,-35.7753515625,39.750390625,5.96255859375,71.550703125,35.8875,41.86875,-53.83125,59.8125,8.971875,107.6625,0.344360646657906,0.0577481622051177,0.93150755131375
0.83,8.01679257674074,-20.6470753271358,7.97481113488889,13.3613209612346,32.0041981441852,24.0503777302222,24.0293422962963,28.0342326790123,-36.0440134444444,40.0489038271605,6.00733557407407,72.0880268888889,35.7551703703704,41.7143654320988,-53.6327555555556,59.591950617284,8.93879259259259,107.265511111111,0.345128685160162,0.058749812228799,0.932241950401792
0.835,8.13738566716204,-20.506383388311,7.79392149925695,13.5623094452701,32.0343464167905,24.4121570014861,24.2077811157407,28.2424113016975,-36.3116716736111,40.3463018595679,6.05194527893519,72.6233433472222,35.619862962963,41.5565067901234,-53.4297944444444,59.3664382716049,8.90496574074074,106.859588888889,0.345900279231398,0.0597626418452248,0.932979798949113
0.84,8.258869248,-20.364652544,7.611696128,13.76478208,32.064717312,24.776607744,24.385536,28.449792,-36.578304,40.64256,6.096384,73.156608,35.4816,41.3952,-53.2224,59.136,8.8704,106.4448,0.346675338696252,0.0607866980452978,0.933721028932878
0.845,8.38123986272685,-20.2218868268187,7.42814020590972,13.9687331045448,32.0953099656817,25.1437195881806,24.5625922268519,28.6563575979938,-36.8438883402778,40.9376537114198,6.14064805671296,73.6877766805556,35.3404037037037,41.2304709876543,-53.0106055555556,58.9006728395062,8.83510092592593,106.021211111111,0.347453771943312,0.0618220269661533,0.93446557169369
0.85,8.50449398148148,-20.0780903549383,7.24325902777778,14.1741566358025,32.1261234953704,25.5134819444444,24.7389351851852,28.8620910493827,-37.1084027777778,41.2315586419753,6.1847337962963,74.2168055555556,35.1962962962963,41.0623456790124,-52.7944444444445,58.6604938271605,8.79907407407408,105.588888888889,0.348235485932292,0.0628686738653018,0.935213357948889
0.855,8.628628001625,-19.9332673314375,7.0570579975625,14.381046669375,32.1571570004063,25.885884004875,24.914550375,29.0669754375,-37.3718255625,41.524250625,6.22863759375,74.743651125,35.0493,40.89085,-52.57395,58.4155,8.762325,105.1479,0.349020386201702,0.0639266830946,0.935964317805947
0.86,8.7536382482963,-19.7874220436543,6.86954262755555,14.5893970804938,32.1884095620741,26.2609147448889,25.0894234074074,29.2709939753086,-37.6341351111111,41.8157056790124,6.27235585185185,75.2682702222222,34.899437037037,40.7160098765432,-52.3491555555555,58.1657283950617,8.72485925925926,104.698311111111,0.349808376877027,0.0649960980740583,0.936718380775962
0.865,8.87952097496759,-19.6405588625378,6.68071853754861,14.799201624946,32.2198802437419,26.6385629249028,25.2635400046296,29.4741300054012,-37.8953100069444,42.1059000077161,6.31588500115741,75.7906200138889,34.7467296296296,40.5378512345679,-52.1200944444445,57.9112160493827,8.68668240740741,104.240188888889,0.350599360679433,0.0660769612655005,0.937475475787261
0.87,9.006272364,-19.492682242,6.490591454,15.01045394,32.251568091,27.018817092,25.436886,29.676367,-38.155329,42.39481,6.3592215,76.310658,34.5912,40.3564,-51.8868,57.652,8.6478,103.7736,0.351393238934988,0.0671693141460879,0.938235531199088
0.875,9.13388852719907,-19.3437967182677,6.29916720920139,15.2231475453318,32.2834721317998,27.4016655815972,25.609447337963,29.8776885609568,-38.4141710069444,42.6824122299383,6.40236183449074,76.8283420138889,34.4328703703704,40.1716820987654,-51.6493055555555,57.3881172839506,8.60821759259259,103.298611111111,0.352189911584426,0.068273197181719,0.938998474815398
0.88,9.26236550637037,-19.1939069092346,6.10645174044445,15.4372758439506,32.3155913765926,27.7870965191111,25.7812100740741,30.0780784197531,-38.6718151111111,42.9686834567901,6.44530251851852,77.3436302222222,34.271762962963,39.9837234567901,-51.4076444444444,57.1196049382716,8.56794074074074,102.815288888889,0.352989277193448,0.0693886498003197,0.939764233898741
0.885,9.391699273875,-19.0430175138125,5.9124510891875,15.652832123125,32.3479248184687,28.175097821625,25.952160375,30.2775204375,-38.9282405625,43.253600625,6.48804009375,77.856481125,34.1079,39.79255,-51.16185,56.8465,8.526975,102.3237,0.353791232963569,0.070515710365038,0.940532735184235
0.89,9.52188573318519,-18.8911333112839,5.71717140022222,15.8698095553086,32.3804714332963,28.5656571995556,26.1222845185185,30.4759986049383,-39.1834267777778,43.5371408641975,6.53057112962963,78.3668535555556,33.9413037037037,39.598187654321,-50.9119555555555,56.5688395061728,8.48532592592592,101.823911111111,0.354595674743528,0.0716544161473538,0.941303904893629
0.895,9.65292071943982,-18.7382591606535,5.52061892084028,16.0882011990664,32.41323017986,28.9587621583194,26.2915688935185,30.6734970424383,-39.4373533402778,43.8192814891975,6.57289222337963,78.8747066805556,33.7719962962963,39.400662345679,-50.6579944444444,56.2866604938272,8.44299907407408,101.315988888889,0.35540249704125,0.0728048033001222,0.942077668749461
0.9,9.7848,-18.5844,5.3228,16.308,32.4462,29.3544,26.46,30.87,-39.69,44.1,6.615,79.38,33.6,39.2,-50.4,56,8.4,100.8,0.356211593036379,0.0739669068305597,0.942853951989284
0.905,9.91751927500463,-18.4295608458279,5.12372108749305,16.5291987916744,32.4793798187512,29.7525578250139,26.6275644490741,31.0654918572531,-39.9413466736111,44.3792740817901,6.65689111226852,79.8826933472222,33.425337037037,38.9962265432099,-50.1380055555556,55.7088950617284,8.35633425925926,100.276011111111,0.35702285459339,0.0751407605731924,0.943632679379997
0.91,10.0510741779259,-18.2737467924198,4.92338873311111,16.7517902965432,32.5127685444815,30.1532225337778,26.794248962963,31.2599571234568,-40.1913734444445,44.6570816049383,6.69856224074074,80.3827468888889,33.2480296296296,38.7893679012346,-49.8720444444444,55.4133827160494,8.31200740740741,99.7440888888889,0.357836172275276,0.0763263971627761,0.944413775232235
0.915,10.185460276125,-18.1169630111875,4.7218095858125,16.975767126875,32.5463650690313,30.556380828375,26.960040375,31.4533804375,-40.4400605625,44.933400625,6.74001009375,80.880121125,33.0681,38.57945,-49.60215,55.1135,8.267025,99.2043,0.358651435357815,0.0775238480072071,0.945197163414855
0.92,10.3206730714074,-17.9592147500247,4.51899039288889,17.201121785679,32.5801682678519,30.9620192142222,27.1249256296296,31.6457465679012,-40.6873884444445,45.2082093827161,6.78123140740741,81.3747768888889,32.8855703703704,38.3664987654321,-49.3283555555556,54.8092839506173,8.2213925925926,98.6567111111112,0.359468531844438,0.0787331432604366,0.945982767369486
0.925,10.4567080005787,-17.8005073326582,4.31493799913194,17.4278466676312,32.6141770001447,31.3701240017361,27.2888917824074,31.8370404128086,-40.9333376736111,45.4814863040123,6.82222294560185,81.8666753472222,32.700462962963,38.1505401234568,-49.0506944444445,54.5007716049383,8.17511574074074,98.1013888888889,0.360287348481686,0.0799543117954036,0.946770510125161
0.93,10.593560436,-17.640846158,4.109659346,17.65593406,32.648390109,31.780681308,27.451926,32.027247,-41.177889,45.75321,6.8629815,82.355778,32.5128,37.9316,-48.7692,54.188,8.1282,97.5384,0.361107770775261,0.0811873811770037,0.947560314313014
0.935,10.7312256861435,-17.4802366994992,3.90316147078472,17.8853761435725,32.6828064215359,32.1936770584306,27.6140155601852,32.2163514868827,-41.4210233402778,46.0233592669753,6.9035038900463,82.8420466805556,32.3226037037037,37.7097043209877,-48.4839055555556,53.8710061728395,8.08065092592593,96.9678111111111,0.36192968300669,0.0824323776351066,0.948352102181053
0.94,10.8696989961481,-17.3186845044938,3.69545150577778,18.1161649935802,32.717424749037,32.6090969884444,27.7751478518519,32.4043391604938,-41.6627217777778,46.2919130864197,6.94378696296296,83.3254435555556,32.1298962962963,37.4848790123457,-48.1948444444444,53.5498271604938,8.03247407407407,96.3896888888889,0.362752968250591,0.083689326037641,0.949145795608992
0.945,11.008975548375,-17.1561951935625,3.4865366774375,18.348292580625,32.7522438870937,33.026926645125,27.935310375,32.5911954375,-41.9029655625,46.558850625,6.98382759375,83.805931125,31.9347,37.25715,-47.90205,53.2245,7.98367499999999,95.8040999999999,0.363577508392546,0.0849582498637606,0.949941316123157
0.95,11.149050462963,-16.9927744598765,3.27642430555556,18.5817507716049,32.7872626157407,33.4471513888889,28.0944907407407,32.7769058641975,-42.1417361111111,46.8241512345679,7.02362268518519,84.2834722222222,31.7370370370371,37.0265432098766,-47.6055555555556,52.8950617283951,7.93425925925926,95.2111111111112,0.364403184147596,0.0862391711771077,0.950738584911442
0.955,11.2899187983843,-16.8284280685517,3.06512180242362,18.8165313306404,32.8224796995961,33.8697563951528,28.2526766712963,32.9614561165123,-42.3790150069444,47.0877944521605,7.06316916782407,84.7580300138889,31.5369296296297,36.7930845679013,-47.3053944444445,52.5615493827161,7.88423240740741,94.610788888889,0.365229875079343,0.0875321105991919,0.951537522838336
0.96,11.431575552,-16.663161856,2.85263667199999,19.05262592,32.857893888,34.294726656,28.409856,33.144832,-42.614784,47.34976,7.102464,85.229568,31.3344,36.5568,-47.0016,52.224,7.8336,94.0031999999999,0.366057459619677,0.088837087282899,0.952338050460002
0.965,11.5740156606157,-16.4969817292816,2.63897650907639,19.2900261010262,32.8935039151539,34.7220469818472,28.5660166712963,33.3270194498457,-42.8490250069444,47.6100277854938,7.14150416782407,85.6980500138889,31.1294703703704,36.3177154320988,-46.6942055555556,51.882450617284,7.7823675925926,93.3884111111112,0.366885815089117,0.0901541188861462,0.953140088039407
0.97,11.717234001037,-16.3298936654568,2.42414899844445,19.5287233350617,32.9293085002593,35.1517020031111,28.7211467407407,33.5080045308642,-43.0817201111111,47.8685779012346,7.18028668518518,86.1634402222222,30.922162962963,36.0758567901235,-46.3832444444444,51.5369382716049,7.73054074074074,92.7664888888889,0.367714817717779,0.0914832215457024,0.953943555561511
0.975,11.861225390625,-16.1619037109375,2.2081619140625,19.768708984375,32.9653063476563,35.583676171875,28.875234375,33.6877734375,-43.3128515625,48.125390625,7.21880859375,86.625703125,30.7125,35.83125,-46.06875,51.1875,7.67812499999999,92.1374999999999,0.368544342666963,0.0928244098511877,0.9547483727485
0.98,12.0059845878518,-15.9930179808395,1.99102311822223,20.0099743130864,33.001496146963,36.0179537635555,29.0282678518518,33.8663124938272,-43.5424017777778,48.3804464197531,7.25706696296296,87.0848035555556,30.5005037037037,35.5839209876543,-45.7507555555556,50.8341728395062,7.62512592592593,91.5015111111112,0.369374264051365,0.0941776968192706,0.95555445907507
0.985,12.1515062928565,-15.8232426583341,1.77274056071528,20.2525104880941,33.0378765732141,36.4545188785694,29.1802355601852,34.0436081535494,-43.7703533402778,48.633725933642,7.29505889004629,87.5407066805555,30.2861962962963,35.3338956790124,-45.4292944444445,50.4769938271605,7.57154907407407,90.8585888888889,0.370204454961909,0.0955430938680799,0.956361733783748
0.99,12.297785148,-15.652583994,1.553322278,20.49630858,33.074446287,36.893355444,29.331126,34.219647,-43.996689,48.88521,7.3327815,87.993378,30.0696,35.0812,-45.1044,50.116,7.5174,90.2088,0.37103478748921,0.096920610791847,0.957170115900266
0.995,12.4448157384213,-15.4810483051752,1.33277639236806,20.7413595640355,33.1112039346053,37.3344472152639,29.4809277824074,34.394415746142,-44.2213916736111,49.1348796373457,7.37023194560185,88.4427833472222,29.850737037037,34.8258598765432,-44.7761055555555,49.7512283950617,7.46268425925926,89.5522111111111,0.371865132747648,0.0983102557357969,0.957979524248959
1,12.5925925925926,-15.3086419753086,1.11111111111111,20.9876543209877,33.1481481481481,37.7777777777778,29.6296296296296,34.5679012345679,-44.4444444444444,49.3827160493827,7.40740740740741,88.8888888888889,29.6296296296296,34.5679012345679,-44.4444444444444,49.3827160493827,7.40740740740741,88.8888888888889,0.372695360900074,0.0997120351713053,0.958789877468217
1.005,12.741110182875,-15.1353714533125,0.888334725687507,21.235183638125,33.1852775457187,38.223330548625,29.777220375,34.7400904375,-44.6658305625,49.628700625,7.44430509375,89.331661125,29.4063,34.30735,-44.10945,49.0105,7.351575,88.2189,0.373525341183128,0.101125953871337,0.95960109402595
1.01,12.8903629260741,-14.9612432529136,0.66445561088889,21.4839382101235,33.2225907315185,38.6710887782222,29.923688962963,34.9109704567901,-44.8855334444444,49.8728149382716,7.48092224074074,89.7710668888889,29.1807703703704,34.0442320987654,-43.7711555555555,48.6346172839506,7.29519259259259,87.5423111111111,0.374354941933183,0.102552014886186,0.960413092235104
1.015,13.0403451839954,-14.7862639520054,0.439482224006948,21.7339086399923,33.2600862959988,39.1210355519861,30.0690244490741,35.0805285239198,-45.1035366736111,50.1150407484568,7.51725611226852,90.2070733472222,28.953062962963,33.7785734567901,-43.4295944444445,48.2551049382716,7.23826574074074,86.8591888888889,0.375184030612895,0.103990219519532,0.961225790269187
1.02,13.191051264,-14.610440192,0.213423104,21.98508544,33.297762816,39.573153792,30.213216,35.248752,-45.319824,50.35536,7.553304,90.639648,28.7232,33.5104,-43.0848,47.872,7.1808,86.1696,0.376012473838373,0.105440567304828,0.962039106177834
1.025,13.3424754195602,-14.4337786771798,-0.0137131293402675,22.2374590326003,33.33561885489,40.0274262586805,30.3562528935185,35.4156283757716,-45.5343793402778,50.5937548225309,7.58906322337963,91.0687586805555,28.4912037037037,33.239737654321,-42.7368055555555,47.4853395061728,7.12280092592592,85.4736111111111,0.376840137406955,0.10690305598205,0.962852957902386
1.03,13.4946118508148,-14.2562861740494,-0.24191777622222,22.491019751358,33.3736529627037,40.4838355524444,30.4981245185185,35.5811452716049,-45.7471867777778,50.8302075308642,7.62453112962963,91.4943735555556,28.2570962962963,32.966612345679,-42.3856444444444,47.0951604938271,7.06427407407407,84.7712888888888,0.37766688632559,0.108377681474801,0.963667263291492
1.035,13.647454705125,-14.0779695106875,-0.4711820576875,22.745757841875,33.4118636762812,40.942364115375,30.638820375,35.7452904375,-45.9582305625,51.064700625,7.65970509375,91.916461125,28.0209,32.69105,-42.03135,46.7015,7.00522500000001,84.0627000000001,0.378492584839821,0.109864437867814,0.964481940116724
1.04,13.8009980776296,-13.8988355760988,-0.701497116444443,23.001663462716,33.4502495194074,41.4029942328889,30.7783300740741,35.9080517530864,-46.1674951111111,51.2972167901235,7.69458251851852,92.3349902222222,27.782637037037,32.4130765432099,-41.6739555555556,46.3043950617284,6.94565925925926,83.3479111111111,0.379317096463363,0.111363317384854,0.965296906088212
1.045,13.9552360118009,-13.7188913195656,-0.932854017701388,23.2587266863349,33.4888090029502,41.8657080354028,30.916643337963,36.0694172276235,-46.3749650069444,51.5277388966049,7.72916083449074,92.7499300138889,27.5423296296296,32.1327179012346,-41.3134944444444,45.9038827160494,6.88558240740741,82.6269888888889,0.380140284008279,0.112874310367035,0.966112078870283
1.05,14.1101625,-13.53814375,-1.16524375,23.5169375,33.527540625,42.3304875,31.05375,36.229375,-46.580625,51.75625,7.7634375,93.16125,27.3,31.85,-40.95,45.5,6.825,81.9,0.380962009615728,0.114397405251588,0.966927376097115
1.055,14.2657714840324,-13.3565999352955,-1.3986572260486,23.7762858067207,33.5664428710081,42.7973144520972,31.1896400046296,36.3879133387346,-46.7844600069444,51.9827333410494,7.79741000115741,93.5689200138889,27.0556703703704,31.5649487654321,-40.5835055555556,45.0927839506173,6.7639175925926,81.1670111111112,0.381782134787307,0.115932588551068,0.967742715388385
1.06,14.4220568557037,-13.174267001679,-1.63308528355555,24.0367614261728,33.6055142139259,43.2661705671111,31.3243034074074,36.5450206419753,-46.9864551111111,52.207172345679,7.83107585185185,93.9729102222222,26.809362962963,31.2775901234568,-40.2140444444445,44.6822716049383,6.70234074074074,80.4280888888889,0.382600520416955,0.117479844833049,0.968558014364933
1.065,14.579012457375,-12.9911521330625,-1.8685186860625,24.298354095625,33.6447531143438,43.737037372125,31.457730375,36.7006854375,-47.1865955625,52.429550625,7.86443259375,94.373191125,26.5611,30.98795,-39.84165,44.2685,6.640275,79.6832999999999,0.383417026823427,0.119039156700293,0.969373190664415
1.07,14.7366320825185,-12.8072625703951,-2.10494812377778,24.5610534708642,33.6841580206296,44.2098962475556,31.5899111851852,36.8548963827161,-47.3848667777778,52.6498519753086,7.8974777962963,94.7697335555556,26.3109037037037,30.6960543209877,-39.4663555555556,43.8515061728395,6.57772592592593,78.9327111111111,0.384231513783326,0.120610504771434,0.970188161956956
1.075,14.8949094762731,-12.6226056110147,-2.34236421440972,24.8248491271219,33.7237273690683,44.6847284288194,31.7208362268518,37.0076422646605,-47.5812543402778,52.8680603780864,7.93020905671296,95.1625086805555,26.0587962962963,30.4019290123457,-39.0881944444444,43.4313271604938,6.51469907407407,78.1763888888889,0.385043840564683,0.122193867662181,0.971002845960793
1.08,15.053838336,-12.437188608,-2.58075750400001,25.08973056,33.763459584,45.161515008,31.850496,37.158912,-47.775744,53.08416,7.962624,95.551488,25.8048,30.1056,-38.7072,43.008,6.4512,77.4144,0.385853865961077,0.123789221967057,0.971817160457915
1.085,15.213412311838,-12.2510189695224,-2.82011846775694,25.3556871863966,33.8033530779595,45.6402369355139,31.9788811157407,37.3086946350309,-47.9683216736111,53.2981351929012,7.99472027893519,95.9366433472222,25.548937037037,29.8070932098765,-38.3234055555555,42.581561728395,6.38723425925926,76.6468111111111,0.386661448326291,0.125396542241699,0.972631023309678
1.09,15.3736250072593,-12.0641041581975,-3.0604375108889,25.6227083454321,33.8434062518148,46.1208750217778,32.1059822962963,37.456979345679,-48.1589734444444,53.5099704938271,8.02649557407407,96.3179468888889,25.2912296296296,29.5064345679012,-37.9368444444445,42.1520493827161,6.32280740740741,75.8736888888889,0.387466445609489,0.127015800985722,0.973444352472419
1.095,15.534469979625,-11.8764516904375,-3.3017049694375,25.890783299375,33.8836174949062,46.603409938875,32.231790375,37.6037554375,-48.3476855625,53.719650625,8.05794759375,96.695371125,25.0317,29.20365,-37.54755,41.7195,6.257925,75.0951,0.388268715390899,0.128646968626173,0.97425706601304
1.1,15.6959407407407,-11.6880691358025,-3.54391111111111,26.1599012345679,33.9239851851852,47.0878222222222,32.3562962962963,37.749012345679,-48.5344444444444,53.9271604938272,8.08907407407407,97.0688888888889,24.7703703703703,28.8987654320987,-37.1555555555555,41.2839506172839,6.19259259259259,74.311111111111,0.389068114918009,0.130290013501591,0.97506908212457
1.105,15.858030757412,-11.4989641163526,-3.78704613611806,26.4300512623534,33.964507689353,47.5740922722361,32.4794911157407,37.8927396350309,-48.7192366736111,54.1324851929012,8.11987277893519,97.4384733472222,24.507262962963,28.5918067901235,-36.7608944444445,40.845438271605,6.12681574074074,73.5217888888889,0.389864501142248,0.131944901846675,0.975880319141711
1.11,16.020733452,-11.309144306,-4.031100178,26.70122242,34.005183363,48.062200356,32.601366,38.034927,-48.902049,54.33561,8.1503415,97.804098,24.2424,28.2828,-36.3635999999999,40.4039999999999,6.06059999999999,72.7271999999999,0.390657730756141,0.133611597777597,0.976690695556345
1.115,16.1840422029768,-11.1186174298604,-4.27606330446526,26.9734036716281,34.0460105507442,48.5521266089305,32.7219122268518,38.1755642646605,-49.0828683402778,54.5365203780864,8.18047805671296,98.1657366805556,23.9758037037037,27.9717709876543,-35.9637055555556,39.9596728395062,5.99395092592593,71.9274111111111,0.391447660230945,0.135290063277958,0.977500130033015
1.12,16.3479503454815,-10.9273912636049,-4.52192551822222,27.2465839091358,34.0869875863704,49.0438510364444,32.8411211851852,38.3146413827161,-49.2616817777778,54.7352019753086,8.2102802962963,98.5233635555556,23.7074962962963,27.6587456790123,-35.5612444444444,39.5124938271605,5.92687407407407,71.1224888888889,0.392234145854725,0.136980258185406,0.978308541424371
1.125,16.512451171875,-10.7354736328125,-4.7686767578125,27.520751953125,34.1281127929688,49.537353515625,32.958984375,38.4521484375,-49.4384765625,54.931640625,8.23974609375,98.876953125,23.4375,27.34375,-35.15625,39.0625,5.859375,70.3125,0.393017043770886,0.138682140178933,0.979115848786578
1.13,16.6775379322963,-10.542872412321,-5.01630689844444,27.7958965538272,34.1693844830741,50.0326137968889,33.0754934074074,38.5880756419753,-49.6132401111111,55.125822345679,8.26887335185185,99.2264802222222,23.165837037037,27.0268098765432,-34.7487555555556,38.6097283950617,5.79145925925926,69.4975111111111,0.393796210017124,0.140395664766865,0.979921971394684
1.135,16.8432038352176,-10.3495955255795,-5.26480575282639,28.0720063920293,34.2108009588044,50.5296115056528,33.1906400046296,38.7224133387346,-49.7859600069444,55.3177333410494,8.29766000115741,99.5719200138889,22.8925296296296,26.7079512345679,-34.3387944444444,38.1542160493827,5.72313240740741,68.6775888888889,0.394571500564796,0.142120785275561,0.980726828757939
1.14,17.009442048,-10.155650944,-5.51416307199999,28.34907008,34.252360512,51.028326144,33.304416,38.855152,-49.956624,55.50736,8.326104,99.913248,22.6176,26.3872,-33.9264,37.696,5.6544,67.8528,0.395342771358692,0.143857452838821,0.981530340635075
1.145,17.1762456974491,-9.96104668630942,-5.7643685461736,28.6270761624151,34.2940614243623,51.5287370923472,33.4168133379629,38.9862822276234,-50.1252200069444,55.6946888966049,8.35420333449074,100.250440013889,22.3410703703704,26.0645820987654,-33.5116055555556,37.2351172839506,5.58526759259259,67.0232111111111,0.396109878357195,0.145605616388042,0.982332427049533
1.15,17.3436078703704,-9.76579081790123,-6.01541180555555,28.906013117284,34.3359019675926,52.0308236111111,33.5278240740741,39.1157947530864,-50.2917361111111,55.8797067901235,8.38195601851852,100.583472222222,22.062962962963,25.7401234567901,-33.0944444444444,36.7716049382716,5.51574074074074,66.1888888888889,0.396872677572804,0.147365222643106,0.983133008304629
1.155,17.511521614125,-9.5698914501875,-6.2672824211875,29.185869356875,34.3778804035313,52.534564842375,33.637440375,39.2436804375,-50.4561605625,56.062400625,8.40936009375,100.912321125,21.7833,25.41385,-32.67495,36.3055,5.44582500000001,65.3499000000001,0.397631025113024,0.149136216104035,0.983932004998674
1.16,17.6799799371852,-9.37335673995061,-6.51996990577778,29.466633228642,34.4199949842963,53.0399398115556,33.7456545185185,39.3699302716049,-50.6184817777778,56.2427575308642,8.43641362962963,101.236963555556,21.5021037037037,25.085787654321,-32.2531555555556,35.8368395061729,5.37552592592593,64.5063111111112,0.398384777221589,0.150918539043418,0.984729338040031
1.165,17.8489758096898,-9.1761948886952,-6.77346371453473,29.7482930161497,34.4622439524225,53.5469274290695,33.8524588935185,39.4945353757716,-50.7786883402778,56.4207648225309,8.46311472337963,101.557376680556,21.2193962962963,24.755962345679,-31.8290944444444,35.3656604938271,5.30484907407407,63.6581888888888,0.399133790320011,0.15271213149961,0.985524928662104
1.17,18.018502164,-8.978414142,-7.027753246,30.03083694,34.504625541,54.055506492,33.957846,39.617487,-50.936769,56.59641,8.4894615,101.873538,20.9352,24.4244,-31.4028,34.892,5.2338,62.8056000000001,0.399877921049435,0.154516931270739,0.986318698438267
1.175,18.1885518952546,-8.78002278886959,-7.28282784288195,30.3142531587577,34.5471379738137,54.5656556857639,34.0618084490741,39.7387765239197,-51.0927126736111,56.7696807484568,8.51545211226852,102.185425347222,20.649537037037,24.0911265432099,-30.9743055555555,34.4158950617284,5.16238425925926,61.9486111111111,0.400617026312788,0.156332873909512,0.987110569296722
1.18,18.3591178619259,-8.58102916108642,-7.53867679288888,30.5985297698765,34.5897794654815,55.0773535857778,34.164338962963,39.8583954567901,-51.2465084444445,56.9405649382716,8.54108474074074,102.493016888889,20.3624296296296,23.7561679012345,-30.5436444444444,33.9373827160493,5.0906074074074,61.0872888888888,0.401350963317193,0.158159892718829,0.98790046353528
1.185,18.530192886375,-8.3814416325625,-7.7952893295625,30.883654810625,34.6325482215938,55.590578659125,34.265430375,39.9763354375,-51.3981455625,57.109050625,8.56635759375,102.796291125,20.0739,23.41955,-30.11085,33.4565,5.018475,60.2217,0.402079589616646,0.159997918748245,0.988688303836077
1.19,18.7017697554074,-8.18126861869135,-8.05265463311112,31.1696162590124,34.6754424388519,56.1053092662222,34.3650756296296,40.0925882345679,-51.5476134444444,57.2751260493827,8.59126890740741,103.095226888889,19.7839703703704,23.0812987654321,-29.6759555555555,32.9732839506173,4.94599259259259,59.3519111111111,0.402802763154923,0.16184688079124,0.989474013280197
1.195,18.8738412208287,-7.98051857569984,-8.31076183124306,31.4564020347145,34.7184603052072,56.6215236624861,34.4632677824074,40.207145746142,-51.6949016736111,57.4387796373457,8.61581694560185,103.389803347222,19.492662962963,22.7414401234568,-29.2389944444444,32.4877716049383,4.87316574074074,58.4779888888889,0.40352034230871,0.16370670538336,0.990257515362224
1.2,19.0464,-7.7792,-8.5696,31.744,34.7616,57.1392,34.56,40.32,-51.84,57.6,8.64,103.68,19.2,22.4,-28.8,32,4.8,57.6,0.404232185930929,0.165577316801197,0.991038734004705
1.205,19.2194387763935,-7.5773214275409,-8.82915816459028,32.0323979606559,34.8048596940984,57.6583163291806,34.6552655601852,40.4311431535494,-51.9828983402778,57.758775933642,8.6638163900463,103.965796680556,18.9060037037037,22.0570043209877,-28.3590055555555,31.5100061728395,4.72650092592592,56.7180111111111,0.404938153394246,0.167458637062234,0.991817593572522
1.21,19.3929502001481,-7.3748914331605,-9.08942530022222,32.3215836669136,34.848237550037,58.1788506004444,34.7490578518519,40.5405674938272,-52.1235867777778,57.9150964197531,8.68726446296296,104.247173555556,18.6106962962963,21.7124790123457,-27.9160444444445,31.0178271604938,4.65267407407408,55.8320888888889,0.405638104634736,0.169350585925568,0.992594018887179
1.215,19.566926888625,-7.1719186299375,-9.3503903329375,32.611544814375,34.8917317221563,58.700780665875,34.841370375,40.6482654375,-52.2620555625,58.068950625,8.71034259375,104.524111125,18.3141,21.36645,-27.4711499999999,30.5234999999999,4.57852499999999,54.9422999999999,0.406331900195696,0.171253080893502,0.993367935240986
1.22,19.741361426963,-6.96841166854321,-9.61204214044445,32.9022690449383,34.9353403567407,59.2240842808889,34.9321967407407,40.7542295308642,-52.3982951111111,58.2203279012346,8.73304918518519,104.796590222222,18.0162370370371,21.0189432098766,-27.0243555555556,30.0270617283951,4.50405925925926,54.0487111111112,0.40701940127157,0.17316603721403,0.994139268411149
1.225,19.9162463686343,-6.76437923659336,-9.8743695529514,33.1937439477238,34.9790615921586,59.7487391059028,35.0215306712963,40.8584524498457,-52.5322960069444,58.3692177854938,8.75538266782407,105.064592013889,17.7171296296296,20.6699845679012,-26.5756944444444,29.5285493827161,4.42928240740741,53.1513888888889,0.407700469751978,0.175089367884205,0.994907944673764
1.23,20.091574236,-6.559830058,-10.137361354,33.48595706,35.022893559,60.274722708,35.109366,40.960927,-52.664049,58.51561,8.7773415,105.328098,17.4168,20.3196,-26.1252,29.028,4.3542,52.2504,0.408374968265829,0.177022983654415,0.995673890817696
1.235,20.2673375208657,-6.3547728923233,-10.4010062812986,33.7788958681096,35.0668343802164,60.8020125625972,35.1956966712963,41.0616461165124,-52.7935450069445,58.6594944521605,8.79892416782408,105.587090013889,17.1152703703704,19.9678154320988,-25.6729055555556,28.5254506172839,4.27881759259259,51.3458111111111,0.409042760225485,0.178966793033552,0.99643703415836
1.24,20.443528685037,-6.14921653412345,-10.6652930275556,34.0725478083951,35.1108821712593,61.3305860551111,35.2805167407407,41.1606028641975,-52.9207751111111,58.8008612345679,8.82012918518518,105.841550222222,16.812562962963,19.6146567901235,-25.2188444444445,28.020938271605,4.20314074074075,50.4376888888889,0.409703709870967,0.180920702295096,0.997197302551384
1.245,20.620140160875,-5.94316981231249,-10.9302102413125,34.366900268125,35.1550350402187,61.860420482625,35.363820375,41.2577904375,-53.0457305625,58.939700625,8.84095509375,106.091461125,16.5087,19.26015,-24.76305,27.5145,4.127175,49.5261,0.410357682314179,0.182884615484105,0.997954624406166
1.25,20.7971643518518,-5.73664158950618,-11.1957465277778,34.6619405864197,35.199291087963,62.3914930555556,35.4456018518519,41.3532021604939,-53.1684027777778,59.0760030864198,8.86140046296297,106.336805555556,16.2037037037037,18.9043209876543,-24.3055555555555,27.0061728395061,4.05092592592592,48.611111111111,0.411004543583122,0.184858434425126,0.998708928699309
1.255,20.9745936331065,-5.52964076137578,-11.4618904496597,34.9576560551775,35.2436484082766,62.9237808993194,35.5258555601852,41.4468314868827,-53.2887833402778,59.2097592669753,8.88146389004629,106.577566680556,15.8975962962963,18.5471956790124,-23.8463944444445,26.4959938271605,3.97439907407408,47.6927888888889,0.411644160666088,0.186842058731025,0.999460144987935
1.26,21.152420352,-5.32217625600001,-11.728630528,35.25403392,35.288105088,63.457261056,35.604576,41.538672,-53.406864,59.34096,8.901144,106.813728,15.5904,18.1888,-23.3856,25.984,3.8976,46.7712000000001,0.412276401555795,0.188835385812729,1.00020820342288
1.265,21.3306368286713,-5.11425703321683,-11.9959552430069,35.5510613811188,35.3326592071678,63.9919104860139,35.6817577824074,41.6287174128086,-53.5226366736111,59.4695963040123,8.92043944560185,107.045273347222,15.282137037037,17.8291598765432,-22.9232055555556,25.4702283950617,3.82053425925926,45.8464111111111,0.412901135293464,0.190838310889905,1.00095303476177
1.27,21.5092353565926,-4.9058920839753,-12.2638530348889,35.848725594321,35.3773088391481,64.5277060697778,35.7573956296296,41.7169615679012,-53.6360934444445,59.5956593827161,8.93934890740741,107.272186888889,14.9728296296296,17.4683012345679,-22.4592444444444,24.9547160493827,3.7432074074074,44.9184888888888,0.413518232012795,0.192850727002557,1.00169457038193
1.275,21.688208203125,-4.6970904296875,-12.5323123046875,36.147013671875,35.4220520507812,65.064624609375,35.831484375,41.8033984375,-53.7472265625,59.719140625,8.95787109375,107.494453125,14.6625,17.10625,-21.99375,24.4375,3.66562500000001,43.9875000000001,0.414127562983828,0.194872525023544,1.00243274229324
1.28,21.8675476100741,-4.48786112158025,-12.8013214151111,36.4459126834568,35.4668869025185,65.6026428302222,35.904018962963,41.8880221234568,-53.8560284444445,59.8400316049383,8.97600474074074,107.712056888889,14.3511703703703,16.7430320987654,-21.5267555555555,23.9186172839506,3.58779259259258,43.053511111111,0.414729000656667,0.196903593672037,1.00316748315075
1.285,22.0472457942454,-4.27821324004707,-13.0708686913681,36.7454096570756,35.5118114485613,66.1417373827361,35.9749944490741,41.9708268572531,-53.9624916736111,59.9583240817901,8.99374861226852,107.924983347222,14.0388629629629,16.3786734567901,-21.0582944444444,23.3981049382716,3.50971574074074,42.1165888888888,0.415322418705052,0.198943819527889,1.00389872626725
1.29,22.227294948,-4.068155894,-13.340942422,37.04549158,35.556823737,66.681884844,36.044406,42.051807,-54.066609,60.07401,9.0111015,108.133218,13.7256,16.0132,-20.5884,22.876,3.43140000000001,41.1768000000001,0.415907692069735,0.200993087046935,1.00462640562564
1.295,22.4076872398102,-3.85769822022145,-13.6115308597153,37.3461453996836,35.6019218099525,67.2230617194305,36.1122488935185,42.1309570424383,-54.1683733402778,60.1870814891975,9.02806222337963,108.336746680556,13.4114037037037,15.646637654321,-20.1171055555556,22.3523395061729,3.35285092592593,40.2342111111112,0.416484697001658,0.20305127857722,1.00535045589122
1.3,22.5884148148148,-3.64684938271605,-13.8826222222222,37.6473580246913,35.6471037037037,67.7652444444444,36.1785185185185,42.2082716049383,-54.2677777777778,60.2975308641975,9.04462962962963,108.535555555556,13.0962962962963,15.279012345679,-19.6444444444444,21.8271604938271,3.27407407407407,39.2888888888888,0.417053311104906,0.205118274376135,1.00607081242371
1.305,22.769469795375,-3.4356185720625,-14.1542046930625,37.949116325625,35.6923674488437,68.308409386125,36.243210375,42.2837454375,-54.3648155625,60.405350625,9.06080259375,108.729631125,12.7803,14.91035,-19.17045,21.3005,3.19507500000001,38.3409000000001,0.417613413379406,0.207193952628487,1.00678741128927
1.31,22.9508442816296,-3.22401500476542,-14.4262664224445,38.2514071360494,35.7377110704074,68.8525328448889,36.3063200740741,42.3573734197531,-54.4594801111111,60.5105334567901,9.07658001851852,108.918960222222,12.4634370370371,14.5406765432099,-18.6951555555556,20.7723950617284,3.11585925925926,37.3903111111112,0.418164884263349,0.209278189465472,1.00750018927228
1.315,23.1325303520509,-3.01204792260726,-14.6987955280764,38.5542172534182,35.7831325880127,69.3975910561528,36.367843337963,42.4291505609568,-54.5517650069445,60.6130722299383,9.09196083449074,109.103530013889,12.1457296296296,14.1700179012345,-18.2185944444444,20.2428827160493,3.0364324074074,36.4371888888888,0.418707605675326,0.211370858984565,1.00820908388697
1.32,23.314520064,-2.79972659199999,-14.971780096,38.85753344,35.828630016,69.943560192,36.427776,42.499072,-54.641664,60.71296,9.10694399999999,109.283328,11.8272,13.7984,-17.7408,19.712,2.9568,35.4816,0.419241461056133,0.213471833270315,1.0089140333889
1.325,23.4968054542824,-2.5870603033372,-15.2452081814236,39.161342423804,35.8742013635706,70.4904163628472,36.4861140046296,42.5671330054012,-54.7291710069445,60.8101900077161,9.12152850115741,109.458342013889,11.5078703703704,13.4258487654321,-17.2618055555556,19.1797839506173,2.87696759259259,34.5236111111111,0.419766335410248,0.215580982416035,1.00961497678628
1.33,23.6793785397037,-2.37405837034568,-15.5190678095556,39.4656308995062,35.9198446349259,71.0381356191111,36.5428534074074,42.6333289753087,-54.8142801111111,60.9047556790124,9.13571335185185,109.628560222222,11.1877629629629,13.0523901234567,-16.7816444444444,18.6462716049382,2.79694074074073,33.5632888888888,0.420282115346938,0.217698174546403,1.01031185385115
1.335,23.862231317625,-2.1607301294375,-15.7933469764375,39.770385529375,35.9655578294063,71.586693952875,36.597990375,42.6976554375,-54.8969855625,60.996650625,9.14949759375,109.793971125,10.8669,12.67805,-16.30035,18.1115,2.716725,32.6007,0.420788689120976,0.219823275840933,1.01100460513033
1.34,24.0453557665185,-1.94708493906172,-16.0680336497778,40.0755929441975,36.0113389416296,72.1360672995556,36.6515211851852,42.7601080493827,-54.9772817777778,61.0858686419753,9.1628802962963,109.954563555556,10.5453037037037,12.3028543209877,-15.8179555555556,17.5755061728395,2.63632592592593,31.6359111111111,0.421285946672958,0.22195615055834,1.0116931719563
1.345,24.2287438465231,-1.73313217905634,-16.3431157697847,40.3812397442052,36.0571859616308,72.6862315395694,36.7034422268519,42.8206825979938,-55.0551633402778,61.1724037114198,9.17586055671296,110.110326680556,10.2229962962963,11.9268290123457,-15.3344944444445,17.0383271604939,2.55574907407408,30.6689888888889,0.421773779669183,0.224096661061776,1.01237749645775
1.35,24.4123875,-1.51888125,-16.61858125,40.6873125,36.103096875,73.2371625,36.75375,42.879375,-55.130625,61.25625,9.1884375,110.26125,9.9,11.55,-14.85,16.5,2.475,29.7,0.422252081541089,0.22624466784493,1.01305752157014
1.355,24.596278652088,-1.30434157256405,-16.8944179781319,40.9937977534799,36.149069663022,73.7888359562639,36.8024411157407,42.9361813016975,-55.2036616736111,61.3374018595679,9.20061027893519,110.407323347222,9.57633703703704,11.1723932098765,-14.3645055555556,15.9605617283951,2.39408425925926,28.7290111111111,0.4227207475242,0.228400029558985,1.01373319104597
1.36,24.7804092112593,-1.0895225868642,-17.1706138168889,41.3006820187654,36.1951023028148,74.3412276337778,36.8495122962963,42.9910976790124,-55.2742684444445,61.4158538271605,9.21237807407408,110.548536888889,9.25202962962963,10.7940345679012,-13.8780444444444,15.4200493827161,2.31300740740741,27.7560888888889,0.423179674696596,0.230562603040429,1.01440444946485
1.365,24.964771069875,-0.8744337518125,-17.4471566048125,41.607951783125,36.2411927674688,74.894313209625,36.894960375,43.0441204375,-55.3424405625,61.491600625,9.22374009375,110.684881125,8.92709999999997,10.41495,-13.39065,14.8785,2.23177499999999,26.7812999999999,0.423628762016847,0.232732243339694,1.01507124224347
1.37,25.1493561047408,-0.659084544469124,-17.7240341571111,41.9155935079012,36.2873390261852,75.4480683142223,36.9387822962963,43.0952460123457,-55.4081734444444,61.5646371604938,9.23469557407407,110.816346888889,8.60157037037034,10.0351654320987,-12.9023555555555,14.3359506172839,2.15039259259258,25.804711111111,0.42406791036142,0.234908803750626,1.01573351564535
1.375,25.334156177662,-0.443484459394291,-18.0012342664931,42.2235936294367,36.3335390444155,76.0024685329861,36.9809751157407,43.1444709683642,-55.4714626736111,61.6349585262345,9.24524377893518,110.942925347222,8.275462962963,9.6547067901235,-12.4131944444445,13.792438271605,2.06886574074075,24.826388888889,0.424497022561523,0.237092135840773,1.01639121679036
1.38,25.519163136,-0.227643007999998,-18.278744704,42.53193856,36.379790784,76.557489408,37.021536,43.191792,-55.532304,61.70256,9.255384,111.064608,7.94880000000002,9.27360000000002,-11.9232,13.248,1.9872,23.8464,0.424916003439366,0.239282089482475,1.01704429366409
1.385,25.7043688132269,-0.0115697179019989,-18.5565532198403,42.8406146887114,36.4260922033067,77.1131064396806,37.0604622268518,43.2372059313272,-55.5906933402778,61.7674370447531,9.26511555671296,111.181386680556,7.62160370370371,8.89187098765432,-11.4324055555556,12.7026728395062,1.90540092592593,22.8648111111111,0.42532475984382,0.24147851288474,1.01769269512704
1.39,25.8897650294815,0.204725867728396,-18.8346475442222,43.1496083824691,36.4724412573704,77.6692950884444,37.0977511851852,43.2807097160494,-55.6466267777778,61.829585308642,9.2744377962963,111.293253555556,7.29389629629632,8.50954567901237,-10.9408444444445,12.1564938271605,1.82347407407408,21.881688888889,0.425723200685462,0.243681252625911,1.01833637092359
1.395,26.075343592125,0.421234190812505,-19.1130153881875,43.458905986875,36.5188358980312,78.226030776375,37.133400375,43.3223004375,-55.7001005625,61.889000625,9.28335009375,111.400201125,6.9657,8.12665,-10.44855,11.6095,1.741425,20.8971,0.426111236970966,0.245890153687082,1.01897527169075
1.4,26.2610962962963,0.637945679012336,-19.3916444444444,43.7684938271605,36.5652740740741,78.7832888888889,37.1674074074074,43.361975308642,-55.7511111111111,61.9456790123457,9.29185185185185,111.502222222222,6.63703703703702,7.74320987654319,-9.95555555555553,11.0617283950617,1.65925925925926,19.9111111111111,0.426488781836844,0.248105059486281,1.01960934896677
1.405,26.4470149254676,0.854850746378851,-19.6705223882014,44.0783582091126,36.6117537313669,79.3410447764028,37.1997700046296,43.3997316720679,-55.7996550069444,61.9996166743827,9.29994250115741,111.599310013889,6.30792962962962,7.35925123456789,-9.46189444444443,10.5132160493827,1.5769824074074,18.9237888888889,0.426855750582498,0.250325811913375,1.02023855519948
1.41,26.633091252,1.07193979399999,-19.949636878,44.38848542,36.658272813,79.899273756,37.230486,43.435567,-55.845729,62.05081,9.3076215,111.691458,5.97839999999998,6.97479999999998,-8.96759999999997,9.96399999999997,1.49459999999999,17.9351999999999,0.427212060702577,0.252552251365707,1.02086284375448
1.415,26.8193170376991,1.28920321064893,-20.2289755565486,44.6988617294985,36.7048292594248,80.4579511130973,37.259553337963,43.4694788942901,-55.8893300069444,62.0992555632716,9.31488833449074,111.778660013889,5.64847037037038,6.58988209876544,-8.47270555555557,9.41411728395063,1.4121175925926,16.9454111111111,0.427557631918614,0.254784216784435,1.0214821689231
1.42,27.0056840343704,1.50663137343211,-20.5085260515556,45.0094733906173,36.7514210085926,81.0170521031111,37.2869700740741,43.5014650864197,-55.9304551111111,62.1449501234568,9.32174251851852,111.860910222222,5.31816296296297,6.20452345679014,-7.97724444444446,8.86360493827162,1.32954074074074,15.9544888888889,0.427892386209923,0.257021545691555,1.02209648593012
1.425,27.192183984375,1.72421464843751,-20.7882759765625,45.320306640625,36.7980459960938,81.576551953125,37.312734375,43.5315234375,-55.9691015625,62.187890625,9.32818359375,111.938203125,4.98750000000001,5.81875000000001,-7.48125000000002,8.31250000000002,1.246875,14.9625,0.428216247843751,0.259264074227607,1.02270575094137
1.43,27.3788086211852,1.94194339138272,-21.0682129317778,45.6313477019753,36.8447021552963,82.1364258635556,37.3368445185185,43.5596519382716,-56.0052667777778,62.2280741975309,9.33421112962963,112.010533555556,4.65650370370369,5.43258765432097,-6.98475555555554,7.76083950617282,1.16412592592592,13.9695111111111,0.428529143404644,0.261511637190028,1.02330992107097
1.435,27.5655496699398,2.15980794826311,-21.3483245049097,45.942582783233,36.8913874174849,82.6966490098194,37.3592988935185,43.5858487091049,-56.0389483402778,62.2654981558642,9.33982472337963,112.077896680556,4.3251962962963,5.04606234567902,-6.48779444444445,7.20866049382717,1.08129907407408,12.9755888888889,0.428831001823037,0.26376406807215,1.02390895438851
1.44,27.752398848,2.377798656,-21.628598272,46.25399808,36.938099712,83.257196544,37.380096,43.610112,-56.070144,62.30016,9.345024,112.140288,3.99359999999996,4.65919999999995,-5.99039999999993,6.65599999999993,0.998399999999989,11.9807999999999,0.42912175440303,0.266021199102811,1.02450280992592
1.445,27.9393478655046,2.59590584308874,-21.9090217982569,46.5655797758411,36.9848369663762,83.8180435965139,37.3992344490741,43.6324401905864,-56.0988516736111,62.3320574151235,9.34980861226852,112.197703347222,3.66173703703701,4.27202654320985,-5.49260555555552,6.10289506172836,0.915434259259253,10.985211111111,0.429401334849343,0.268282861286575,1.02509144768413
1.45,28.1263884259259,2.81411983024691,-22.1895826388889,46.8773140432099,37.0315971064815,84.3791652777778,37.416712962963,43.6528317901235,-56.1250694444444,62.3611882716049,9.35417824074074,112.250138888889,3.32962962962964,3.88456790123458,-4.99444444444446,5.5493827160494,0.83240740740741,9.98888888888892,0.429669679293439,0.270548884444527,1.02567482863952
1.455,28.313512226625,3.03243093106251,-22.4702683399375,47.189187044375,37.0783780566562,84.940536679875,37.432530375,43.6712854375,-56.1487955625,62.387550625,9.35813259374999,112.297591125,2.9973,3.49685,-4.49595,4.99550000000001,0.749325000000001,8.99190000000001,0.429926726318784,0.272819097255639,1.02625291475016
1.46,28.5007109594074,3.25082945264198,-22.7510664391111,47.5011849323457,37.1251777398518,85.5021328782222,37.4466856296296,43.6877999012346,-56.1700284444444,62.4111427160494,9.3616714074074,112.340056888889,2.66477037037042,3.10889876543216,-3.99715555555563,4.44128395061737,0.666192592592605,7.99431111111126,0.430172416985252,0.275093327298674,1.02682566896183
1.465,28.6879763110787,3.46930569625849,-23.0319644666181,47.8132938517978,37.1719940777697,86.0639289332361,37.4591777824074,43.7023740794753,-56.1887666736111,62.431962970679,9.36479444560185,112.377533347222,2.33206296296296,2.72074012345679,-3.49809444444444,3.88677160493827,0.583015740740741,6.99618888888889,0.430406694852636,0.277371401094615,1.02739305521373
1.47,28.875299964,3.68784995799999,-23.312949946,48.12549994,37.218824991,86.625899892,37.470006,43.715007,-56.205009,62.45001,9.3675015,112.410018,1.99920000000001,2.33240000000001,-2.99880000000002,3.33200000000002,0.499800000000003,5.99760000000003,0.430629506003271,0.279653144149596,1.0279550384441
1.475,29.0626735966435,3.90645252941745,-23.5940103949653,48.4377893277392,37.2656683991609,87.1880207899306,37.4791695601852,43.7256978202161,-56.2187543402778,62.4652826003087,9.3697923900463,112.437508680556,1.66620370370365,1.94390432098759,-2.49930555555547,2.77700617283941,0.416550925925912,4.99861111111095,0.430840799063746,0.281938380998322,1.02851158459549
1.48,29.2500888841481,4.12510369817284,-23.8751333262222,48.7501481402469,37.312522221037,87.7502666524444,37.4866678518519,43.7344458271605,-56.2300017777778,62.4777797530864,9.37166696296296,112.460003555556,1.33309629629627,1.55527901234564,-1.9996444444444,2.22182716049378,0.333274074074067,3.9992888888888,0.431040525225694,0.284226935247934,1.02906266061985
1.485,29.437537498875,4.3437937486875,-24.1563062483125,49.062562498125,37.3593843747188,88.312612496625,37.492500375,43.7412504375,-56.2387505625,62.487500625,9.37312509375,112.477501125,0.999899999999982,1.16654999999998,-1.49984999999997,1.66649999999997,0.249974999999996,2.99969999999995,0.431228638265649,0.286518629622331,1.02960823448339
1.49,29.625011110963,4.56251296279012,-24.4375166664444,49.3750185182716,37.4062527777407,88.8750333328889,37.4966667407407,43.7461111975309,-56.2450001111111,62.4944445679012,9.37416668518518,112.490000222222,0.666637037037046,0.777743209876554,-0.999955555555569,1.11106172839508,0.166659259259262,1.99991111111114,0.431405094563959,0.288813286006896,1.03014827517121
1.495,29.8125013888843,4.78125162036498,-24.7187520833264,49.6875023148071,37.4531253472211,89.4375041666528,37.4991666712963,43.749027783179,-56.2487500069444,62.4986111188271,9.37479166782407,112.497500013889,0.333329629629671,0.388884567901283,-0.499994444444507,0.555549382716119,0.0833324074074178,0.999988888889014,0.431569853122738,0.291110725493625,1.03068275269164
1.5,30,5,-25,50,37.5,90,37.5,43.75,-56.25,62.5,9.375,112.5,0,0,-0,0,0,0,0.431722875582861,0.293410768426623,1.03121163808042
1.505,30.1874986111157,5.21874837963502,-25.2812479166736,50.3124976851929,37.5468746527789,90.5624958333472,37.4991666712963,43.749027783179,-56.2487500069445,62.4986111188272,9.37479166782408,112.497500013889,-0.33332962962966,-0.388884567901269,0.499994444444489,-0.555549382716099,-0.0833324074074149,-0.999988888888979,0.431864126239969,0.295713234447956,1.03173490340459
1.51,30.374988889037,5.43748703720988,-25.5624833335556,50.6249814817284,37.5937472222593,91.1249666671111,37.4966667407407,43.7461111975309,-56.2450001111111,62.4944445679012,9.37416668518518,112.490000222222,-0.666637037037034,-0.77774320987654,0.999955555555552,-1.11106172839506,-0.166659259259259,-1.9999111111111,0.431993572059502,0.298017942543821,1.03225252176614
1.515,30.562462501125,5.6562062513125,-25.8436937516875,50.937437501875,37.6406156252812,91.687387503375,37.492500375,43.7412504375,-56.2387505625,62.487500625,9.37312509375,112.477501125,-0.999899999999971,-1.16654999999997,1.49984999999996,-1.66649999999995,-0.249974999999993,-2.99969999999991,0.432111182690729,0.30032471109103,1.03276446730547
1.52,30.7499111158518,5.87489630182715,-26.1248666737778,51.2498518597531,37.687477778963,92.2497333475555,37.4866678518519,43.7344458271605,-56.2300017777778,62.4777797530864,9.37166696296297,112.460003555556,-1.33309629629634,-1.55527901234573,1.99964444444451,-2.2218271604939,-0.333274074074084,-3.99928888888901,0.432216930479779,0.302633357903765,1.03327071520452
1.525,30.9373264033565,6.09354747058254,-26.4059896050347,51.5622106722608,37.7343316008391,92.8119792100694,37.4791695601852,43.7256978202161,-56.2187543402778,62.4652826003087,9.3697923900463,112.437508680556,-1.6662037037037,-1.94390432098765,2.49930555555554,-2.77700617283949,-0.416550925925924,-4.99861111111109,0.432310790481659,0.304943700280596,1.03377124168975
1.53,31.124700036,6.31215004200002,-26.687050054,51.87450006,37.781175009,93.3741001080001,37.470006,43.715007,-56.205009,62.45001,9.3675015,112.410018,-1.99919999999996,-2.33239999999996,2.99879999999995,-3.33199999999994,-0.499799999999991,-5.99759999999989,0.43239274047126,0.307255555051729,1.03426602403481
1.535,31.3120236889213,6.53069430374151,-26.9680355333819,52.1867061482022,37.8280059222303,93.9360710667639,37.4591777824074,43.7023740794753,-56.1887666736111,62.431962970679,9.36479444560186,112.377533347222,-2.33206296296297,-2.7207401234568,3.49809444444446,-3.88677160493829,-0.583015740740744,-6.99618888888892,0.432462760953338,0.30956873862646,1.034755040563
1.54,31.4992890405926,6.74917054735803,-27.2489335608889,52.4988150676543,37.8748222601482,94.4978671217778,37.4466856296296,43.6877999012346,-56.1700284444444,62.4111427160494,9.36167140740741,112.340056888889,-2.66477037037037,-3.1088987654321,3.99715555555556,-4.44128395061729,-0.666192592592593,-7.99431111111112,0.432520835171462,0.311883067040822,1.03523827064947
1.545,31.686487773375,6.96756906893749,-27.5297316600625,52.810812955625,37.9216219433438,95.059463320125,37.432530375,43.6712854375,-56.1487955625,62.387550625,9.35813259375,112.297591125,-2.99729999999997,-3.49684999999996,4.49594999999995,-4.99549999999994,-0.749324999999992,-8.9918999999999,0.43256694911594,0.314198356005384,1.03571569472316
1.55,31.8736115740741,7.1858801697531,-27.8104173611111,53.1226859567901,37.9684028935185,95.6208347222223,37.4167129629629,43.6528317901234,-56.1250694444444,62.3611882716049,9.35417824074074,112.250138888889,-3.32962962962959,-3.88456790123453,4.99444444444439,-5.54938271604932,-0.832407407407398,-9.98888888888878,0.432601091530693,0.316514420953188,1.03618729426854
1.555,32.0606521344954,7.40409415691129,-28.0909782017431,53.434420224159,38.0151630336238,96.1819564034862,37.399234449074,43.6324401905864,-56.098851673611,62.3320574151234,9.34980861226851,112.197703347222,-3.66173703703701,-4.27202654320985,5.49260555555552,-6.10289506172836,-0.915434259259253,-10.985211111111,0.432623253919096,0.318831077087804,1.03665305182705
1.56,32.247601152,7.622201344,-28.371401728,53.74600192,38.061900288,96.742803456,37.380096,43.610112,-56.070144,62.30016,9.345024,112.140288,-3.99359999999999,-4.65919999999999,5.99039999999999,-6.65599999999999,-0.998399999999998,-11.9808,0.432633430548778,0.321148139431462,1.03711295099829
1.565,32.4344503300602,7.84019205173689,-28.6516754950903,54.057417216767,38.1086125825151,97.3033509901806,37.3592988935185,43.585848709105,-56.0389483402778,62.2654981558642,9.33982472337963,112.077896680556,-4.32519629629634,-5.04606234567906,6.4877944444445,-7.20866049382723,-1.08129907407408,-12.975588888889,0.432631618455364,0.323465422873258,1.03756697644103
1.57,32.6211913788148,8.0580566086173,-28.9317870682222,54.3686522980247,38.1552978447037,97.8635741364445,37.3368445185185,43.5596519382716,-56.0052667777778,62.2280741975309,9.33421112962963,112.010533555556,-4.65650370370374,-5.43258765432103,6.98475555555561,-7.7608395061729,-1.16412592592593,-13.9695111111112,0.432617817445176,0.325782742217388,1.0380151138739
1.575,32.807816015625,8.27578535156251,-29.2117240234375,54.679693359375,38.2019540039063,98.423448046875,37.312734375,43.5315234375,-55.9691015625,62.187890625,9.32818359375,111.938203125,-4.98750000000001,-5.81875000000001,7.48125000000002,-8.31250000000002,-1.246875,-14.9625,0.432592030096886,0.328099912231404,1.03845735007585
1.58,32.9943159656296,8.49336862656791,-29.4914739484445,54.9905266093827,38.2485789914074,98.9829478968889,37.2869700740741,43.5014650864197,-55.9304551111111,62.1449501234568,9.32174251851852,111.860910222222,-5.31816296296296,-6.20452345679012,7.97724444444444,-8.8636049382716,-1.32954074074074,-15.9544888888889,0.43255426176211,0.330416747694452,1.03889367288637
1.585,33.1806829623009,8.71079678935109,-29.7710244434514,55.3011382705016,38.2951707405752,99.5420488869028,37.259553337963,43.4694788942901,-55.8893300069445,62.0992555632716,9.31488833449074,111.778660013889,-5.64847037037036,-6.58988209876542,8.47270555555554,-9.41411728395059,-1.41211759259259,-16.9454111111111,0.432504520564961,0.332733063445482,1.03932407120544
1.59,33.366908748,8.92806020600001,-30.050363122,55.61151458,38.341727187,100.100726244,37.230486,43.435567,-55.845729,62.05081,9.3076215,111.691458,-5.9784,-6.9748,8.9676,-9.964,-1.4946,-17.9352,0.432442817400546,0.335048674431393,1.03974853499328
1.595,33.5529850745324,9.14514925362113,-30.3294776117986,55.9216417908873,38.3882462686331,100.658955223597,37.1997700046297,43.3997316720679,-55.7996550069445,61.9996166743828,9.29994250115742,111.599310013889,-6.30792962962966,-7.35925123456794,9.4618944444445,-10.5132160493828,-1.57698240740742,-18.923788888889,0.432369165932419,0.337363395755096,1.04016705526977
1.6,33.7389037037037,9.36205432098765,-30.6083555555555,56.2315061728395,38.4347259259259,101.216711111111,37.1674074074074,43.361975308642,-55.7511111111111,61.9456790123457,9.29185185185185,111.502222222222,-6.63703703703706,-7.74320987654323,9.95555555555558,-11.0617283950618,-1.65925925925926,-19.9111111111112,0.432283582588987,0.339677042723467,1.04057962411368
1.605,33.924656407875,9.57876580918752,-30.8869846118125,56.541094013125,38.4811641019688,101.773969223625,37.133400375,43.3223004374999,-55.7001005624999,61.8890006249999,9.28335009374999,111.400201125,-6.96569999999994,-8.12664999999993,10.4485499999999,-11.6094999999999,-1.74142499999999,-20.8970999999998,0.432186086558869,0.341989430895172,1.04098623466164
1.61,34.1102349705185,9.79527413227161,-31.1653524557778,56.8503916175309,38.5275587426296,102.330704911556,37.0977511851852,43.2807097160494,-55.6466267777777,61.8295853086419,9.27443779629629,111.293253555555,-7.29389629629627,-8.50954567901232,10.9408444444444,-12.1564938271605,-1.82347407407407,-21.8816888888888,0.432076699785223,0.344300376128327,1.04138688110684
1.615,34.2956311867732,10.011569717902,-31.4434467801597,57.1593853112886,38.5739077966933,102.886893560319,37.0604622268518,43.2372059313271,-55.5906933402778,61.7674370447531,9.26511555671296,111.181386680556,-7.62160370370374,-8.89187098765436,11.4324055555556,-12.7026728395062,-1.90540092592594,-22.8648111111112,0.43195544695903,0.346609694627989,1.0417815586975
1.62,34.480836864,10.227643008,-31.721255296,57.46806144,38.620209216,103.442510592,37.021536,43.191792,-55.532304,61.7025599999999,9.25538399999999,111.064608,-7.94879999999997,-9.27359999999996,11.9232,-13.2479999999999,-1.98719999999999,-23.8463999999999,0.431822355511345,0.34891720299343,1.04217026373509
1.625,34.6658438223379,10.4434844593943,-31.9987657335069,57.7764063705633,38.6664609555845,103.997531467014,36.9809751157408,43.1444709683642,-55.4714626736111,61.6349585262346,9.24524377893519,110.942925347222,-8.27546296296295,-9.65470679012344,12.4131944444444,-13.7924382716049,-2.06886574074074,-24.8263888888889,0.431677455604531,0.351222718265194,1.04255299357226
1.63,34.8506438952593,10.6590845444691,-32.2759658428889,58.0844064920988,38.7126609738148,104.551931685778,36.9387822962963,43.0952460123457,-55.4081734444444,61.5646371604938,9.23469557407407,110.816346888889,-8.60157037037036,-10.0351654320988,12.9023555555555,-14.3359506172839,-2.15039259259259,-25.8047111111111,0.431520780122464,0.353526057971897,1.04292974661059
1.635,35.035228930125,10.8744337518125,-32.5528433951875,58.392048216875,38.7588072325312,105.105686790375,36.894960375,43.0441204375,-55.3424405625,61.491600625,9.22374009375001,110.684881125,-8.92710000000001,-10.41495,13.39065,-14.8785,-2.231775,-26.7813,0.431352364659726,0.355827040176753,1.04330052229803
1.64,35.2195907887407,11.0895225868642,-32.8293861831111,58.6993179812345,38.8048976971852,105.658772366222,36.8495122962963,42.9910976790123,-55.2742684444444,61.4158538271605,9.21237807407407,110.548536888889,-9.25202962962963,-10.7940345679012,13.8780444444444,-15.4200493827161,-2.31300740740741,-27.7560888888889,0.431172247509788,0.358125483523804,1.04366532112616
1.645,35.403721347912,11.304341572564,-33.105582021868,59.00620224652,38.850930336978,106.211164043736,36.8024411157407,42.9361813016975,-55.2036616736111,61.3374018595679,9.20061027893518,110.407323347222,-9.57633703703704,-11.1723932098765,14.3645055555556,-15.9605617283951,-2.39408425925926,-28.7290111111111,0.430980469652201,0.36042120728383,1.04402414462711
1.65,35.5876125,11.51888125,-33.38141875,59.3126875,38.896903125,106.7628375,36.75375,42.879375,-55.130625,61.25625,9.1884375,110.26125,-9.90000000000002,-11.55,14.85,-16.5,-2.475,-29.7000000000001,0.430777074738788,0.362714031399918,1.04437699537031
1.655,35.7712561534769,11.7331321790564,-33.6568842302153,59.6187602557948,38.9428140383692,107.313768460431,36.7034422268518,42.8206825979938,-55.0551633402778,61.1724037114197,9.17586055671296,110.110326680556,-10.2229962962963,-11.9268290123456,15.3344944444444,-17.0383271604938,-2.55574907407407,-30.6689888888888,0.430562109078852,0.365003776532659,1.04472387695898
1.66,35.9546442334815,11.9470849390617,-33.9319663502222,59.9244070558025,38.9886610583704,107.863932700444,36.6515211851851,42.7601080493827,-54.9772817777777,61.0858686419752,9.16288029629629,109.954563555555,-10.5453037037037,-12.3028543209876,15.8179555555555,-17.5755061728395,-2.63632592592592,-31.635911111111,0.430335621623417,0.36729026410497,1.04506479402633
1.665,36.137768682375,12.1607301294375,-34.2066530235625,60.229614470625,39.0344421705937,108.413306047125,36.597990375,42.6976554375,-54.8969855625,60.996650625,9.14949759375,109.793971125,-10.8669,-12.67805,16.30035,-18.1115,-2.71672500000001,-32.6007000000001,0.430097663948501,0.3695733163465,1.04539975223161
1.67,36.3206214602963,12.3740583703457,-34.4809321904444,60.5343691004938,39.0801553650741,108.961864380889,36.5428534074074,42.6333289753087,-54.8142801111111,60.9047556790124,9.13571335185186,109.628560222222,-11.187762962963,-13.0523901234568,16.7816444444445,-18.6462716049383,-2.79694074074075,-33.563288888889,0.429848290237429,0.371852756337609,1.04572875825579
1.675,36.5031945457176,12.5870603033372,-34.7547918185764,60.838657576196,39.1257986364294,109.509583637153,36.4861140046296,42.5671330054012,-54.7291710069444,60.810190007716,9.1215285011574,109.458342013889,-11.5078703703703,-13.4258487654321,17.2618055555555,-19.1797839506172,-2.87696759259259,-34.523611111111,0.429587557262219,0.374128408052899,1.04605181979714
1.68,36.685479936,12.799726592,-35.028219904,61.14246656,39.171369984,110.056439808,36.427776,42.499072,-54.641664,60.71296,9.106944,109.283328,-11.8272,-13.7984,17.7408,-19.712,-2.9568,-35.4816,0.429315524364016,0.376400096404269,1.04636894556643
1.685,36.8674696479491,13.0120479226072,-35.3012044719236,61.4457827465818,39.2168674119873,110.602408943847,36.367843337963,42.4291505609568,-54.5517650069445,60.6130722299383,9.09196083449074,109.103530013889,-12.1457296296296,-14.1700179012346,18.2185944444445,-20.2428827160494,-3.03643240740741,-36.4371888888889,0.429032253432624,0.378667647283486,1.04668014528201
1.69,37.0491557183704,13.2240150047655,-35.5737335775556,61.7485928639506,39.2622889295926,111.147467155111,36.3063200740741,42.3573734197531,-54.4594801111111,60.5105334567901,9.07658001851852,108.918960222222,-12.463437037037,-14.5406765432099,18.6951555555556,-20.7723950617284,-3.11585925925926,-37.3903111111111,0.428737808885121,0.380930887604244,1.04698542966458
1.695,37.230530204625,13.4356185720625,-35.8457953069375,62.050883674375,39.3076325511562,111.691590613875,36.243210375,42.2837454375,-54.3648155625001,60.4053506250001,9.06080259375001,108.729631125,-12.7803000000001,-14.9103500000001,19.1704500000001,-21.3005000000001,-3.19507500000001,-38.3409000000002,0.428432257643583,0.383189645343686,1.04728481043174
1.7,37.4115851851852,13.646849382716,-36.1173777777777,62.3526419753086,39.3528962962963,112.234755555555,36.1785185185185,42.2082716049383,-54.2677777777778,60.2975308641976,9.04462962962964,108.535555555556,-13.0962962962963,-15.279012345679,19.6444444444444,-21.8271604938271,-3.27407407407406,-39.2888888888888,0.428115669111919,0.385443749583393,1.04757830029234
1.705,37.5923127601898,13.8576982202215,-36.3884691402847,62.6538546003164,39.3980781900475,112.776938280569,36.1122488935185,42.1309570424382,-54.1683733402777,60.1870814891975,9.02806222337962,108.336746680555,-13.4114037037037,-15.646637654321,20.1171055555555,-22.3523395061728,-3.35285092592592,-40.2342111111111,0.427788115151856,0.387693030549786,1.04786591294053
1.71,37.772705052,14.068155894,-36.659057578,62.95450842,39.443176263,113.318115156,36.044406,42.0518070000001,-54.0666090000001,60.0740100000001,9.01110150000001,108.133218,-13.7256,-16.0132,20.5884,-22.876,-3.43140000000001,-41.1768000000001,0.42744967005805,0.38993731965396,1.04814766304964
1.715,37.9527542057546,14.2782132400471,-36.9291313086319,63.2545903429244,39.4881885514387,113.858262617264,35.9749944490741,41.9708268572531,-53.9624916736111,59.9583240817901,8.99374861226852,107.924983347222,-14.038862962963,-16.3786734567902,21.0582944444445,-23.3981049382717,-3.50971574074075,-42.116588888889,0.427100410532372,0.392176449530909,1.04842356626581
1.72,38.1324523899259,14.4878611215803,-37.1986785848889,63.5540873165432,39.5331130974815,114.397357169778,35.904018962963,41.8880221234568,-53.8560284444445,59.8400316049383,8.97600474074074,107.712056888889,-14.3511703703704,-16.7430320987654,21.5267555555555,-23.9186172839506,-3.58779259259259,-43.0535111111111,0.426740415657368,0.394410254078124,1.04869363920139
1.725,38.311791796875,14.6970904296875,-37.4676876953125,63.852986328125,39.5779479492188,114.935375390625,35.8314843749999,41.8033984374999,-53.7472265624999,59.7191406249999,8.95787109374999,107.494453125,-14.6625,-17.1062499999999,21.9937499999999,-24.4374999999999,-3.66562499999999,-43.9874999999999,0.426369766868905,0.396638568493568,1.04895789942809
1.73,38.4907646434074,14.9058920839753,-37.7361469651111,64.151274405679,39.6226911608519,115.472293930222,35.7573956296296,41.7169615679012,-53.6360934444444,59.5956593827161,8.93934890740741,107.272186888889,-14.9728296296296,-17.4683012345679,22.4592444444444,-24.9547160493827,-3.7432074074074,-44.9184888888888,0.425988547928032,0.398861229312984,1.04921636546997
1.735,38.6693631713287,15.1142570332168,-38.0040447569931,64.4489386188812,39.6673407928322,116.008089513986,35.6817577824074,41.6287174128086,-53.5226366736111,59.4695963040123,8.92043944560185,107.045273347222,-15.2821370370371,-17.8291598765432,22.9232055555556,-25.4702283950618,-3.82053425925927,-45.8464111111112,0.425596844892064,0.401078074446549,1.04946905679613
1.74,38.847579648,15.322176256,-38.271369472,64.74596608,39.711894912,116.542738944,35.604576,41.538672,-53.406864,59.34096,8.901144,106.813728,-15.5904,-18.1888,23.3856,-25.984,-3.8976,-46.7712,0.425194746084899,0.403288943214832,1.04971599381323
1.745,39.0254063668935,15.5296407613758,-38.5381095503403,65.0423439448225,39.7563515917234,117.076219100681,35.5258555601852,41.4468314868827,-53.2887833402777,59.2097592669753,8.88146389004629,106.577566680555,-15.8975962962963,-18.5471956790124,23.8463944444445,-26.4959938271605,-3.97439907407408,-47.6927888888889,0.424782342066603,0.405493676384058,1.04995719785782
1.75,39.2028356481482,15.7366415895062,-38.8042534722222,65.3380594135803,39.800708912037,117.608506944444,35.4456018518519,41.3532021604938,-53.1684027777778,59.0760030864198,8.86140046296297,106.336805555556,-16.2037037037038,-18.9043209876544,24.3055555555556,-27.0061728395063,-4.05092592592594,-48.6111111111113,0.424359725602264,0.407692116200663,1.05019269118834
1.755,39.379859839125,15.9431698123125,-39.0697897586875,65.633099731875,39.8449649597813,118.139579517375,35.363820375,41.2577904375,-53.0457305625,58.939700625,8.84095509375,106.091461125,-16.5087,-19.26015,24.76305,-27.5145,-4.127175,-49.5261,0.423926991630138,0.409884106425114,1.05042249697704
1.76,39.556471314963,16.1492165341235,-39.3347069724444,65.9274521916049,39.8891178287407,118.669413944889,35.2805167407408,41.1606028641976,-52.9207751111111,58.8008612345679,8.82012918518519,105.841550222222,-16.812562962963,-19.6146567901235,25.2188444444445,-28.020938271605,-4.20314074074074,-50.4376888888889,0.423484237229106,0.412069492365004,1.05064663930163
1.765,39.7326624791342,16.3547728923233,-39.5989937187014,66.2211041318904,39.9331656197836,119.197987437403,35.1956966712963,41.0616461165124,-52.7935450069445,58.6594944521605,8.79892416782408,105.587090013889,-17.1152703703703,-19.9678154320987,25.6729055555555,-28.5254506172839,-4.27881759259259,-51.345811111111,0.423031561585465,0.414248120907375,1.05086514313668
1.77,39.908425764,16.559830058,-39.862638646,66.51404294,39.977106441,119.725277292,35.109366,40.960927,-52.664049,58.51561,8.7773415,105.328098,-17.4168,-20.3196,26.1252,-29.028,-4.35419999999999,-52.2503999999999,0.422569065959054,0.416419840550299,1.0510780343449
1.775,40.0837536313657,16.7643792365934,-40.1256304470486,66.8062560522762,40.0209384078414,120.251260894097,35.0215306712963,40.8584524498457,-52.5322960069445,58.3692177854938,8.75538266782408,105.064592013889,-17.7171296296296,-20.6699845679012,26.5756944444444,-29.528549382716,-4.4292824074074,-53.1513888888888,0.422096853648757,0.418584501433663,1.05128533966816
1.78,40.258638573037,16.9684116685432,-40.3879578595556,67.0977309550617,40.0646596432593,120.775915719111,34.9321967407407,40.7542295308642,-52.3982951111111,58.2203279012346,8.73304918518518,104.796590222222,-18.016237037037,-21.0189432098766,27.0243555555556,-30.0270617283951,-4.50405925925926,-54.0487111111111,0.421615029957385,0.420741955369186,1.05148708671833
1.785,40.433073111375,17.1719186299375,-40.6496096670625,67.388455185625,40.1082682778437,121.299219334125,34.841370375,40.6482654375,-52.2620555625,58.068950625,8.71034259375,104.524111125,-18.3141,-21.36645,27.47115,-30.5235,-4.57852500000001,-54.9423000000001,0.421123702155963,0.422892055869626,1.05168330396788
1.79,40.6070497998519,17.3748914331605,-40.9105746997778,67.6784163330864,40.151762449963,121.821149399556,34.7490578518518,40.5405674938271,-52.1235867777777,57.9150964197531,8.68726446296296,104.247173555555,-18.6106962962963,-21.7124790123456,27.9160444444444,-31.0178271604938,-4.65267407407406,-55.8320888888888,0.420622979447437,0.425034658177184,1.05187402074038
1.795,40.7805612236065,17.5773214275409,-41.1708418354097,67.9676020393441,40.1951403059016,122.341683670819,34.6552655601852,40.4311431535494,-51.9828983402778,57.758775933642,8.6638163900463,103.965796680556,-18.9060037037037,-22.0570043209876,28.3590055555555,-31.5100061728395,-4.72650092592592,-56.718011111111,0.420112972929829,0.427169619291098,1.0520592672007
1.8,40.9536,17.7792,-41.4304,68.256,40.2384,122.8608,34.56,40.32,-51.84,57.6000000000001,8.64000000000001,103.68,-19.2,-22.4,28.8,-32,-4.8,-57.6000000000001,0.419593795558852,0.429296797994405,1.05223907434508
1.805,41.1261587791713,17.9805185756998,-41.6892381687569,68.5435979652855,40.2815396947928,123.378476337514,34.4632677824074,40.207145746142,-51.6949016736111,57.4387796373457,8.61581694560186,103.389803347222,-19.4926629629629,-22.7414401234568,29.2389944444444,-32.4877716049382,-4.87316574074073,-58.4779888888888,0.419065562110003,0.431416054879875,1.05241347399101
1.81,41.2982302445926,18.1812686186914,-41.9473453668889,68.8303837409877,40.3245575611482,123.894690733778,34.3650756296296,40.0925882345679,-51.5476134444444,57.2751260493827,8.59126890740741,103.095226888889,-19.7839703703703,-23.0812987654321,29.6759555555555,-32.9732839506172,-4.94599259259259,-59.351911111111,0.418528389140163,0.433527252375103,1.05258249876693
1.815,41.469807113625,18.3814416325625,-42.2047106704375,69.116345189375,40.3674517784062,124.409421340875,34.265430375,39.9763354375,-51.3981455625001,57.1090506250001,8.56635759375001,102.796291125,-20.0739000000001,-23.4195500000001,30.1108500000001,-33.4565000000001,-5.01847500000001,-60.2217000000002,0.417982394948721,0.435630254766757,1.05274618210169
1.82,41.6408821380741,18.5810291610864,-42.4613232071111,69.4014702301235,40.4102205345185,124.922646414222,34.164338962963,39.8583954567901,-51.2465084444445,56.9405649382716,8.54108474074074,102.493016888889,-20.3624296296297,-23.7561679012346,30.5436444444445,-33.9373827160494,-5.09060740740741,-61.087288888889,0.417427699538233,0.437724928223969,1.05290455821394
1.825,41.8114481047454,18.7800227888696,-42.717172157118,69.6857468412423,40.4528620261863,125.434344314236,34.0618084490741,39.7387765239198,-51.0927126736111,56.7696807484568,8.51545211226852,102.185425347222,-20.6495370370371,-24.0911265432099,30.9743055555556,-34.4158950617285,-5.16238425925927,-61.9486111111112,0.41686442457465,0.439811140820873,1.05305766210124
1.83,41.981497836,18.978414142,-42.972246754,69.96916306,40.495374459,125.944493508,33.957846,39.617487,-50.936769,56.59641,8.4894615,101.873538,-20.9352,-24.4243999999999,31.4027999999999,-34.8919999999999,-5.23379999999999,-62.8055999999999,0.416292693347127,0.441888762558268,1.05320552952908
1.835,42.1510241903102,19.1761948886952,-43.2265362854653,70.2517069838503,40.5377560475775,126.453072570931,33.8524588935186,39.4945353757716,-50.7786883402778,56.4207648225309,8.46311472337964,101.557376680556,-21.2193962962963,-24.7559623456791,31.8290944444445,-35.3656604938272,-5.30484907407409,-63.658188888889,0.415712630727437,0.443957665384431,1.05334819701966
1.84,42.3200200628148,19.3733567399506,-43.4800300942222,70.533366771358,40.5800050157037,126.960060188444,33.7456545185185,39.3699302716049,-50.6184817777778,56.2427575308642,8.43641362962963,101.236963555556,-21.5021037037036,-25.0857876543209,32.2531555555555,-35.8368395061727,-5.37552592592591,-64.5063111111109,0.415124363129007,0.446017723215035,1.05348570184059
1.845,42.488478385875,19.5698914501875,-43.7327175788125,70.814130643125,40.6221195964687,127.465435157625,33.637440375,39.2436804375,-50.4561605625,56.062400625,8.40936009375,100.912321125,-21.7833,-25.41385,32.67495,-36.3055,-5.44582500000001,-65.3499000000001,0.414528018465601,0.448068811952209,1.05361808199333
1.85,42.6563921296296,19.7657908179012,-43.9845881944445,71.0939868827161,40.6640980324074,127.969176388889,33.5278240740741,39.1157947530864,-50.2917361111111,55.8797067901234,8.38195601851852,100.583472222222,-22.0629629629629,-25.7401234567901,33.0944444444444,-36.7716049382716,-5.51574074074074,-66.1888888888888,0.413923726109667,0.450110809502716,1.05374537620157
1.855,42.8237543025509,19.9610466863094,-44.2356314538264,71.3729238375849,40.7059385756377,128.471262907653,33.416813337963,38.9862822276235,-50.1252200069445,55.694688896605,8.35420333449074,100.250440013889,-22.3410703703703,-26.0645820987654,33.5116055555555,-37.2351172839505,-5.58526759259258,-67.023211111111,0.413311616850369,0.452143595795236,1.05386762389938
1.86,42.990557952,20.155650944,-44.485836928,71.65092992,40.747639488,128.971673856,33.304416,38.855152,-49.9566240000001,55.5073600000001,8.32610400000001,99.9132480000001,-22.6176,-26.3872000000001,33.9264000000001,-37.6960000000001,-5.65440000000001,-67.8528000000001,0.412691822851329,0.454167052796788,1.05398486521925
1.865,43.1567961647824,20.3495955255795,-44.7351942471736,71.9279936079707,40.7891990411956,129.470388494347,33.1906400046296,38.7224133387345,-49.7859600069444,55.3177333410493,8.2976600011574,99.5719200138888,-22.8925296296296,-26.7079512345679,34.3387944444444,-38.1542160493827,-5.72313240740741,-68.6775888888889,0.412064477608091,0.456181064528251,1.05409714097998
1.87,43.3224620677037,20.542872412321,-44.9836931015556,72.2041034461729,40.8306155169259,129.967386203111,33.0754934074074,38.5880756419753,-49.6132401111111,55.125822345679,8.26887335185185,99.2264802222222,-23.165837037037,-27.0268098765432,34.7487555555556,-38.6097283950617,-5.79145925925926,-69.4975111111111,0.411429715905335,0.458185517079012,1.0542044926744
1.875,43.487548828125,20.7354736328125,-45.2313232421875,72.479248046875,40.8718872070312,130.462646484375,32.958984375,38.4521484375,-49.4384765625,54.931640625,8.23974609375,98.876953125,-23.4375,-27.34375,35.15625,-39.0625,-5.859375,-70.3125,0.410787673773859,0.460180298620721,1.05430696245701
1.88,43.6520496545185,20.927391263605,-45.4780744817778,72.7534160908642,40.9130124136296,130.956148963556,32.8411211851852,38.3146413827161,-49.2616817777778,54.7352019753087,8.2102802962963,98.5233635555556,-23.7074962962963,-27.6587456790124,35.5612444444445,-39.5124938271606,-5.92687407407408,-71.122488888889,0.410138488447348,0.462165299420169,1.05440459313139
1.885,43.8159577970231,21.1186174298603,-45.7239366955347,73.0265963283719,40.9539894492558,131.447873391069,32.7219122268518,38.1755642646605,-49.0828683402778,54.5365203780864,8.18047805671296,98.1657366805556,-23.9758037037037,-27.9717709876543,35.9637055555556,-39.9596728395062,-5.99395092592593,-71.9274111111112,0.409482298318952,0.464140411851281,1.05449742813757
1.89,43.979266548,21.309144306,-45.968899822,73.29877758,40.994816637,131.937799644,32.601366,38.034927,-48.902049,54.33561,8.15034149999999,97.8040979999999,-24.2424,-28.2828000000001,36.3636000000001,-40.4040000000001,-6.06060000000001,-72.7272000000001,0.408819242897691,0.466105530406228,1.05458551153922
1.895,44.1419692425879,21.4989641163526,-46.2129538638819,73.5699487376466,41.035492310647,132.425907727764,32.4794911157408,37.8927396350309,-48.7192366736112,54.1324851929013,8.1198727789352,97.4384733472223,-24.507262962963,-28.5918067901235,36.7608944444445,-40.845438271605,-6.12681574074074,-73.5217888888889,0.408149462764708,0.468060551705661,1.05466888801072
1.9,44.3040592592592,21.6880691358025,-46.4560888888889,73.8400987654321,41.0760148148148,132.912177777778,32.3562962962963,37.749012345679,-48.5344444444445,53.9271604938272,8.08907407407408,97.0688888888889,-24.7703703703703,-28.8987654320987,37.1555555555555,-41.2839506172838,-6.19259259259258,-74.3111111111109,0.407473099529393,0.470005374508068,1.05474760282414
1.905,44.465530020375,21.8764516904375,-46.6982950305625,74.109216700625,41.1163825050938,133.396590061125,32.231790375,37.6037554375,-48.3476855625,53.719650625,8.05794759374999,96.6953711249999,-25.0317,-29.20365,37.54755,-41.7195,-6.25792499999999,-75.0950999999999,0.406790295785394,0.471939899718262,1.05482170183606
1.91,44.6263749927407,22.0641041581975,-46.9395624891111,74.3772916545679,41.1565937481852,133.879124978222,32.1059822962963,37.456979345679,-48.1589734444444,53.5099704938272,8.02649557407407,96.3179468888889,-25.2912296296296,-29.5064345679012,37.9368444444443,-42.1520493827159,-6.32280740740739,-75.8736888888887,0.406101195066531,0.473864030394997,1.05489123147432
1.915,44.7865876881621,22.2510189695224,-47.1798815322431,74.6443128136034,41.1966469220405,134.359763064486,31.9788811157407,37.3086946350309,-47.9683216736111,53.2981351929012,7.99472027893518,95.9366433472222,-25.548937037037,-29.8070932098766,38.3234055555556,-42.5815617283951,-6.38723425925926,-76.6468111111111,0.405405941802642,0.475777671757721,1.05495623872459
1.92,44.9461616640001,22.4371886080001,-47.4192424960001,74.9102694400001,41.236540416,134.838484992,31.850496,37.1589119999999,-47.7757439999999,53.0841599999999,7.96262399999999,95.5514879999999,-25.8048,-30.1056,38.7072000000001,-43.0080000000001,-6.45120000000001,-77.4144000000001,0.404704681275375,0.477680731192472,1.05501677111696
1.925,45.1050905237268,22.6226056110146,-47.6576357855903,75.1751508728781,41.2762726309317,135.315271571181,31.7208362268519,37.0076422646605,-47.5812543402778,52.8680603780865,7.93020905671297,95.1625086805557,-26.0587962962963,-30.4019290123457,39.0881944444445,-43.4313271604939,-6.51469907407408,-78.176388888889,0.40399755957394,0.47957311825691,1.05507287671226
1.93,45.2633679174815,22.8072625703951,-47.8950518762222,75.4389465291358,41.3158419793704,135.790103752444,31.5899111851852,36.8548963827161,-47.3848667777778,52.6498519753087,7.8974777962963,94.7697335555556,-26.3109037037037,-30.6960543209876,39.4663555555555,-43.8515061728394,-6.57772592592591,-78.932711111111,0.403284723550851,0.481454744684523,1.05512460408847
1.935,45.420987542625,22.9911521330625,-48.1314813139375,75.701645904375,41.3552468856562,136.262962627875,31.457730375,36.7006854375,-47.1865955625,52.429550625,7.86443259375,94.373191125,-26.5611,-30.98795,39.84165,-44.2685,-6.640275,-79.6832999999999,0.402566320777664,0.483325524387963,1.05517200232687
1.94,45.5779431442963,23.174267001679,-48.3669147164444,75.9632385738272,41.3944857860741,136.733829432889,31.3243034074074,36.5450206419753,-46.9864551111111,52.207172345679,7.83107585185184,93.9729102222221,-26.809362962963,-31.2775901234568,40.2140444444444,-44.6822716049383,-6.70234074074074,-80.4280888888889,0.401842499500744,0.485185373461568,1.0552151209982
1.945,45.7342285159676,23.3565999352955,-48.6013427739514,76.2237141932793,41.4335571289919,137.202685547903,31.1896400046296,36.3879133387345,-46.7844600069444,51.9827333410493,7.7974100011574,93.5689200138888,-27.0556703703704,-31.5649487654321,40.5835055555556,-45.0927839506173,-6.76391759259259,-81.1670111111111,0.401113408597059,0.487034210183049,1.05525401014871
1.95,45.8898375,23.53814375,-48.8347562499999,76.4830624999999,41.472459375,137.6695125,31.0537500000001,36.2293750000001,-46.5806250000001,51.7562500000001,7.76343750000001,93.1612500000002,-27.3000000000001,-31.8500000000001,40.9500000000001,-45.5000000000001,-6.82500000000002,-81.9000000000003,0.400379197530044,0.488871955014354,1.05528872028612
1.955,46.0447639881991,23.7188913195656,-49.0671459822986,76.7412733136651,41.5111909970498,138.134291964597,30.916643337963,36.0694172276235,-46.3749650069445,51.527738896605,7.72916083449075,92.7499300138891,-27.5423296296297,-32.1327179012346,41.3134944444445,-45.9038827160495,-6.88558240740742,-82.6269888888891,0.399640016305529,0.490698530601733,1.05531930236553
1.96,46.1990019223703,23.8988355760987,-49.2985028835555,76.9983365372839,41.5497504805926,138.597005767111,30.7783300740741,35.9080517530864,-46.1674951111111,51.2972167901235,7.69458251851852,92.3349902222222,-27.782637037037,-32.4130765432098,41.6739555555555,-46.3043950617283,-6.94565925925925,-83.347911111111,0.398896015427767,0.492513861774977,1.05534580777521
1.965,46.352545294875,24.0779695106875,-49.5288179423125,77.254242158125,41.5881363237188,139.057635884625,30.638820375,35.7452904375,-45.9582305625,51.064700625,7.65970509375,91.916461125,-28.0209,-32.69105,42.03135,-46.7015,-7.00522499999999,-84.0626999999999,0.398147345855557,0.494317875545891,1.05536828832236
1.97,46.5053881491852,24.2562861740494,-49.7580822237778,77.508980248642,41.6263470372963,139.516164447556,30.4981245185185,35.5811452716049,-45.7471867777777,50.8302075308641,7.62453112962962,91.4943735555554,-28.2570962962963,-32.966612345679,42.3856444444444,-47.0951604938271,-7.06427407407407,-84.7712888888888,0.397394158958512,0.496110501105958,1.05538679621881
1.975,46.6575245804398,24.4337786771798,-49.9862868706598,77.7625409673997,41.66438114511,139.97257374132,30.3562528935185,35.4156283757716,-45.5343793402778,50.5937548225308,7.58906322337963,91.0687586805555,-28.4912037037036,-33.2397376543209,42.7368055555554,-47.4853395061727,-7.12280092592591,-85.4736111111109,0.396636606473453,0.497891669823246,1.05540138406663
1.98,46.808948736,24.610440192,-50.213423104,78.01491456,41.702237184,140.426846208,30.213216,35.248752,-45.319824,50.35536,7.553304,90.639648,-28.7232,-33.5104,43.0848,-47.872,-7.18079999999999,-86.1695999999999,0.395874840460966,0.499661315238538,1.05541210484369
1.985,46.9596548160046,24.7862639520054,-50.439482224007,78.2660913600077,41.7399137040012,140.878964448014,30.0690244490741,35.0805285239198,-45.1035366736112,50.1150407484568,7.51725611226853,90.2070733472223,-28.953062962963,-33.7785734567902,43.4295944444445,-48.2551049382717,-7.23826574074076,-86.8591888888891,0.395109013262135,0.501419373060721,1.05541901188922
1.99,47.1096370739259,24.9612432529135,-50.6644556108889,78.5160617898765,41.7774092684815,141.328911221778,29.923688962963,34.9109704567902,-44.8855334444445,49.8728149382717,7.48092224074075,89.7710668888891,-29.1807703703704,-34.0442320987655,43.7711555555556,-48.6346172839507,-7.2951925925926,-87.5423111111112,0.394339277455463,0.503165781161417,1.05542215888922
1.995,47.258889817125,25.1353714533125,-50.8883347256875,78.764816361875,41.8147224542813,141.776669451375,29.777220375,34.7400904375,-44.6658305625,49.628700625,7.44430509375,89.331661125,-29.4063,-34.30735,44.10945,-49.0105,-7.351575,-88.2189,0.393565785813997,0.504900479568901,1.05542159986197
2,47.4074074074074,25.3086419753086,-51.1111111111111,79.0123456790123,41.8518518518518,142.222222222222,29.6296296296296,34.5679012345679,-44.4444444444445,49.3827160493827,7.40740740740741,88.8888888888889,-29.6296296296297,-34.5679012345679,44.4444444444445,-49.3827160493828,-7.40740740740742,-88.888888888889,0.392788691262675,0.506623410461281,1.05541738914331
2.005,47.5551842615787,25.4810483051751,-51.332776392368,79.2586404359645,41.8887960653947,142.665552784736,29.4809277824074,34.394415746142,-44.2213916736111,49.1348796373457,7.37023194560186,88.4427833472223,-29.8507370370371,-34.8258598765433,44.7761055555556,-49.7512283950618,-7.46268425925927,-89.5522111111113,0.3920081468359,0.508334518158986,1.05540958137211
2.01,47.702214852,25.652583994,-51.553322278,79.50369142,41.925553713,143.106644556,29.331126,34.219647,-43.996689,48.88521,7.3327815,87.993378,-30.0696,-35.0812,45.1044,-50.1159999999999,-7.51739999999999,-90.2087999999999,0.391224305635373,0.510033749116551,1.0553982314755
2.015,47.8484937071435,25.8232426583341,-51.7727405607153,79.7474895119059,41.9621234267859,143.545481121431,29.1802355601852,34.0436081535494,-43.7703533402778,48.633725933642,7.2950588900463,87.5407066805556,-30.2861962962964,-35.3338956790124,45.4292944444445,-50.4769938271606,-7.57154907407409,-90.8585888888891,0.390437320788182,0.511721051913722,1.05538339465423
2.02,47.9940154121482,25.9930179808395,-51.9910231182222,79.9900256869136,41.998503853037,143.982046236444,29.0282678518519,33.8663124938272,-43.5424017777778,48.3804464197531,7.25706696296297,87.0848035555556,-30.5005037037038,-35.5839209876544,45.7507555555556,-50.8341728395063,-7.62512592592594,-91.5015111111113,0.389647345405164,0.513396377245891,1.0553651263679
2.025,48.138774609375,26.1619037109375,-52.2081619140625,80.231291015625,42.0346936523437,144.416323828125,28.875234375,33.6877734375,-43.3128515625001,48.1253906250001,7.21880859375001,86.6257031250001,-30.7125,-35.83125,46.0687499999999,-51.1874999999999,-7.67812499999999,-92.1374999999999,0.388854532539564,0.51505967791388,1.05534348232026
2.03,48.2827659989629,26.3298936654568,-52.4241489984444,80.4712766649382,42.0706914997407,144.848297996889,28.7211467407408,33.5080045308642,-43.0817201111111,47.8685779012346,7.18028668518519,86.1634402222223,-30.922162962963,-36.0758567901234,46.3832444444444,-51.5369382716049,-7.73054074074074,-92.7664888888889,0.388059035145984,0.516710908813077,1.05531851844442
2.035,48.4259843393843,26.4969817292817,-52.6389765090764,80.7099738989738,42.1064960848461,145.277953018153,28.5660166712963,33.3270194498457,-42.8490250069444,47.6100277854938,7.14150416782407,85.6980500138888,-31.1294703703703,-36.3177154320987,46.6942055555555,-51.8824506172839,-7.78236759259258,-93.3884111111109,0.387261006039662,0.518350026921948,1.0552902908881
2.04,48.568424448,26.663161856,-52.8526366719999,80.9473740799999,42.142106112,145.705273344,28.4098560000001,33.1448320000001,-42.6147840000001,47.3497600000001,7.10246400000002,85.2295680000002,-31.3344,-36.5568,47.0016,-52.224,-7.83360000000001,-94.0032000000001,0.386460597856059,0.519976991289929,1.05525885599884
2.045,48.7100812016158,26.8284280685517,-53.0651218024236,81.1834686693596,42.1775203004039,146.130243604847,28.2526766712963,32.9614561165123,-42.3790150069444,47.0877944521605,7.06316916782407,84.7580300138888,-31.5369296296296,-36.7930845679012,47.3053944444444,-52.561549382716,-7.8842324074074,-94.6107888888888,0.385657963010799,0.521591763024734,1.05522427030926
2.05,48.850949537037,26.9927744598765,-53.2764243055555,81.418249228395,42.2127373842593,146.552848611111,28.0944907407408,32.7769058641976,-42.1417361111111,46.8241512345679,7.02362268518519,84.2834722222223,-31.7370370370371,-37.0265432098766,47.6055555555556,-52.8950617283951,-7.93425925925927,-95.2111111111113,0.384853253659951,0.523194305279053,1.05518659052228
2.055,48.991024451625,27.1561951935625,-53.4865366774375,81.651707419375,42.2477561129063,146.973073354875,27.935310375,32.5911954375,-41.9029655625,46.558850625,6.98382759375,83.805931125,-31.9347,-37.25715,47.90205,-53.2245,-7.983675,-95.8041,0.384046621660665,0.52478458323671,1.05514587349634
2.06,49.1303010038518,27.3186845044938,-53.6954515057778,81.8838350064197,42.282575250963,147.390903011556,27.7751478518519,32.4043391604939,-41.6627217777778,46.2919130864198,6.94378696296297,83.3254435555557,-32.1298962962964,-37.4848790123458,48.1948444444445,-53.5498271604939,-8.03247407407409,-96.3896888888891,0.383238218532196,0.526362564098237,1.05510217623065
2.065,49.2687743138565,27.4802366994992,-53.9031614707847,82.1146238564274,42.3171935784641,147.806322941569,27.6140155601852,32.2163514868828,-41.4210233402779,46.0233592669754,6.90350389004631,82.8420466805557,-32.3226037037037,-37.7097043209877,48.4839055555556,-53.8710061728396,-8.08065092592594,-96.9678111111112,0.382428195417291,0.527928217065933,1.05505555585049
2.07,49.406439564,27.640846158,-54.109659346,82.34406594,42.351609891,148.219318692,27.451926,32.027247,-41.177889,45.75321,6.8629815,82.355778,-32.5127999999999,-37.9315999999999,48.7691999999999,-54.1879999999999,-8.12819999999999,-97.5383999999998,0.381616703043974,0.529481513328385,1.05500606959245
2.075,49.5432919994213,27.8005073326582,-54.314937999132,82.5721533323688,42.3858229998553,148.629875998264,27.2888917824073,31.8370404128086,-40.933337673611,45.4814863040123,6.82222294560184,81.866675347222,-32.700462962963,-38.1505401234568,49.0506944444444,-54.5007716049383,-8.17511574074074,-98.1013888888889,0.380803891687734,0.531022426044479,1.05495377478976
2.08,49.6793269285926,27.9592147500247,-54.5189903928889,82.798878214321,42.4198317321481,149.037980785778,27.1249256296296,31.6457465679013,-40.6873884444445,45.2082093827161,6.78123140740741,81.3747768888889,-32.8855703703704,-38.3664987654321,49.3283555555556,-54.8092839506173,-8.22139259259259,-98.6567111111111,0.379989911134118,0.532550930326932,1.05489872885764
2.085,49.814539723875,28.1169630111875,-54.7218095858125,83.024232873125,42.4536349309687,149.443619171625,26.960040375,31.4533804375,-40.4400605625001,44.9334006250001,6.74001009375001,80.8801211250001,-33.0681,-38.57945,49.6021500000001,-55.1135000000001,-8.26702500000001,-99.2043000000001,0.379174910641738,0.534067003225334,1.05484098927862
2.09,49.9489258220741,28.2737467924198,-54.9233887331111,83.2482097034568,42.4872314555185,149.846777466222,26.794248962963,31.2599571234568,-40.1913734444445,44.6570816049383,6.69856224074074,80.3827468888889,-33.2480296296296,-38.7893679012346,49.8720444444444,-55.4133827160494,-8.31200740740741,-99.7440888888889,0.378359038905713,0.535570623708735,1.054780613588
2.095,50.0824807249954,28.4295608458279,-55.123721087493,83.4708012083256,42.5206201812488,150.247442174986,26.6275644490741,31.0654918572532,-39.9413466736112,44.3792740817902,6.65689111226853,79.8826933472224,-33.4253370370371,-38.9962265432099,50.1380055555556,-55.7088950617285,-8.35633425925927,-100.276011111111,0.37754244402154,0.537061772647787,1.05471765935924
2.1,50.2152,28.5844,-55.3228,83.692,42.5538,150.6456,26.46,30.87,-39.69,44.1,6.615,79.38,-33.6,-39.2,50.4,-56,-8.4,-100.8,0.376725273449403,0.53854043279646,1.05465218418949
2.105,50.3470792805602,28.7382591606535,-55.5206189208402,83.9117988009336,42.58676982014,151.04123784168,26.2915688935185,30.6734970424383,-39.4373533402778,43.8192814891975,6.57289222337963,78.8747066805555,-33.7719962962962,-39.400662345679,50.6579944444444,-56.2866604938271,-8.44299907407406,-101.315988888889,0.375907673978938,0.540006588773344,1.05458424568509
2.11,50.4781142668148,28.8911333112839,-55.7171714002222,84.1301904446914,42.6195285667037,151.434342800444,26.1222845185186,30.4759986049383,-39.1834267777778,43.5371408641976,6.53057112962964,78.3668535555557,-33.9413037037037,-39.598187654321,50.9119555555555,-56.5688395061728,-8.48532592592592,-101.823911111111,0.375089791694447,0.541460227042556,1.05451390144716
2.115,50.608300726125,29.0430175138125,-55.9124510891875,84.347167876875,42.6520751815312,151.824902178375,25.952160375,30.2775204375,-38.9282405625001,43.2536006250001,6.48804009375001,77.8564811250001,-34.1079,-39.79255,51.16185,-56.8465,-8.526975,-102.3237,0.374271771940578,0.542901335894271,1.05444120905727
2.12,50.7376344936296,29.1939069092345,-56.1064517404444,84.5627241560494,42.6844086234074,152.212903480889,25.781210074074,30.078078419753,-38.6718151111111,42.9686834567901,6.44530251851851,77.3436302222221,-34.2717629629629,-39.9837234567901,51.4076444444444,-57.1196049382715,-8.56794074074073,-102.815288888889,0.373453759288468,0.544329905424889,1.0543662260631
2.125,50.8661114728009,29.3437967182677,-56.2991672092014,84.7768524546682,42.7165278682002,152.598334418403,25.609447337963,29.8776885609568,-38.4141710069445,42.6824122299384,6.40236183449075,76.828342013889,-34.4328703703704,-40.1716820987655,51.6493055555556,-57.3881172839507,-8.60821759259261,-103.298611111111,0.372635897502367,0.545745927516862,1.05428900996422
2.13,50.993727636,29.492682242,-56.490591454,84.98954606,42.748431909,152.981182908,25.436886,29.676367,-38.1553289999999,42.3948099999999,6.35922149999999,76.3106579999999,-34.5912,-40.3564,51.8868000000001,-57.6520000000001,-8.64780000000001,-103.7736,0.371818329506728,0.547149395818182,1.05420961819792
2.135,51.1204790250324,29.6405588625378,-56.6807185375486,85.200798375054,42.7801197562581,153.361437075097,25.2635400046296,29.4741300054012,-37.8953100069444,42.105900007716,6.31588500115741,75.7906200138889,-34.7467296296296,-40.5378512345679,52.1200944444444,-57.9112160493827,-8.6866824074074,-104.240188888889,0.371001197353801,0.548540305721573,1.0541281081251
2.14,51.2463617517037,29.7874220436543,-56.8695426275556,85.4106029195062,42.8115904379259,153.739085255111,25.0894234074074,29.2709939753086,-37.6341351111111,41.8157056790123,6.27235585185185,75.2682702222222,-34.899437037037,-40.7160098765432,52.3491555555555,-58.1657283950617,-8.72485925925925,-104.698311111111,0.370184642191691,0.549918654343375,1.05404453701624
2.145,51.371371998375,29.9332673314375,-57.0570579975625,85.618953330625,42.8428429995937,154.114115995125,24.914550375,29.0669754375,-37.3718255625,41.5242506250001,6.22863759375001,74.7436511250001,-35.0493,-40.89085,52.57395,-58.4155,-8.76232499999999,-105.1479,0.369368804232926,0.55128444050216,1.05395896203749
2.15,51.4955060185185,30.0780903549383,-57.2432590277778,85.8258433641975,42.8738765046296,154.486518055556,24.7389351851852,28.8620910493827,-37.1084027777777,41.2315586419753,6.18473379629629,74.2168055555555,-35.1962962962963,-41.0623456790123,52.7944444444444,-58.6604938271605,-8.79907407407407,-105.588888888889,0.368553822723516,0.552637664697084,1.05387144023673
2.155,51.6187601372731,30.2218868268186,-57.4281402059097,86.0312668954552,42.9046900343183,154.856280411819,24.5625922268519,28.6563575979939,-36.8438883402779,40.9376537114198,6.14064805671298,73.6877766805557,-35.3404037037037,-41.2304709876543,53.0106055555556,-58.9006728395062,-8.83510092592593,-106.021211111111,0.36773983591251,0.55397832908599,1.05378202852986
2.16,51.741130752,30.364652544,-57.611696128,86.23521792,42.935282688,155.223392256,24.385536,28.449792,-36.578304,40.64256,6.096384,73.156608,-35.4816,-41.3952,53.2223999999999,-59.1359999999999,-8.87039999999999,-106.4448,0.36692698102206,0.555306437463297,1.05369078368706
2.165,51.862614332838,30.506383388311,-57.793921499257,86.43769055473,42.9656535832095,155.587842998514,24.2077811157407,28.2424113016975,-36.3116716736111,40.3463018595679,6.05194527893518,72.6233433472222,-35.6198629629631,-41.5565067901236,53.4297944444446,-59.3664382716051,-8.90496574074077,-106.859588888889,0.366115394217986,0.556621995237664,1.0535977623192
2.17,51.9832074232593,30.6470753271358,-57.9748111348889,86.6386790387655,42.9958018558148,155.949622269778,24.0293422962963,28.0342326790124,-36.0440134444445,40.0489038271606,6.00733557407408,72.088026888889,-35.7551703703705,-41.7143654320989,53.6327555555557,-59.5919506172841,-8.93879259259261,-107.265511111111,0.365305210580854,0.557925009409474,1.05350302086433
2.175,52.102906640625,30.7867244140625,-58.1543599609375,86.8381777343749,43.0257266601562,156.308719921875,23.8502343750001,27.8252734375001,-35.7753515625001,39.7503906250002,5.96255859375002,71.5507031250003,-35.8875,-41.8687500000001,53.8312500000001,-59.8125000000001,-8.97187500000001,-107.6625,0.364496564077564,0.559215488548131,1.05340661557429
2.18,52.2217086767408,30.9253267895309,-58.3325630151111,87.0361811279013,43.0554271691852,156.665126030222,23.6704722962962,27.6155510123456,-35.5057084444444,39.4507871604937,5.91761807407406,71.0114168888887,-36.0168296296296,-42.0196345679012,54.0252444444444,-60.028049382716,-9.0042074074074,-108.050488888889,0.363689587533444,0.560493442769209,1.05330860250138
2.185,52.3396102984121,31.0628786814807,-58.5094154476181,87.2326838306868,43.084902574603,157.018830895236,23.4900711157407,27.4050829683642,-35.2351066736111,39.1501185262345,5.87251777893518,70.4702133472221,-36.1431370370371,-42.1669932098766,54.2147055555557,-60.2385617283952,-9.03578425925927,-108.429411111111,0.362884412604874,0.561758883711442,1.05320903748517
2.19,52.456608348,31.199376406,-58.684912522,87.42768058,43.114152087,157.369825044,23.309046,27.193887,-34.963569,38.84841,5.8272615,69.927138,-36.2663999999999,-42.3107999999999,54.3995999999999,-60.4439999999999,-9.06659999999999,-108.7992,0.362081169752403,0.563011824513604,1.05310797613941
2.195,52.5726997439768,31.334816367973,-58.8590496159653,87.6211662399614,43.1431749359942,157.718099231931,23.1274122268519,26.9819809313272,-34.6911183402779,38.5456870447532,5.78185305671298,69.3822366805557,-36.3865962962964,-42.4510290123458,54.5798944444446,-60.644327160494,-9.0966490740741,-109.159788888889,0.361279988214405,0.564252279791269,1.05300547383905
2.2,52.6878814814815,31.4691950617284,-59.0318222222222,87.8131358024691,43.1719703703704,158.063644444444,22.9451851851852,26.7693827160493,-34.4177777777777,38.2419753086419,5.73629629629629,68.8355555555555,-36.5037037037038,-42.5876543209877,54.7555555555557,-60.8395061728396,-9.12592592592594,-109.511111111111,0.360480995981233,0.565480265613478,1.05290158570737
2.205,52.802150632875,31.6025090716875,-59.2032259493125,88.003584388125,43.2005376582187,158.406451898625,22.7623803750001,26.5561104375001,-34.1435705625001,37.9373006250001,5.69059509375002,68.2871411250002,-36.6177,-42.72065,54.9265500000001,-61.0295000000001,-9.15442500000001,-109.8531,0.359684319769905,0.566695799479334,1.05279636660325
2.21,52.9155043482963,31.7347550730124,-59.3732565224445,88.1925072471605,43.2288760870741,158.746513044889,22.5790134074074,26.342182308642,-33.8685201111111,37.6316890123457,5.64475335185185,67.7370402222222,-36.7285629629629,-42.8499901234568,55.0928444444444,-61.2142716049382,-9.18214074074073,-110.185688888889,0.3588900849993,0.567898900294533,1.05268987110852
2.215,53.0279398562176,31.8659298322539,-59.5419097843264,88.3798997603626,43.2569849640544,159.083819568653,22.3951000046296,26.1276166720679,-33.5926500069444,37.3251666743827,5.5987750011574,67.1853000138888,-36.8362703703703,-42.975648765432,55.2544055555555,-61.3937839506172,-9.20906759259258,-110.508811111111,0.35809841576587,0.569089588347845,1.0525821535155
2.22,53.139454464,31.996030208,-59.709181696,88.56575744,43.284863616,159.418363392,22.210656,25.912432,-33.315984,37.0177600000001,5.55266400000001,66.6319680000001,-36.9408000000001,-43.0976000000002,55.4112000000002,-61.5680000000002,-9.23520000000003,-110.8224,0.357309434819874,0.570267885287576,1.05247326781458
2.225,53.2500455584491,32.125053151524,-59.8750683376737,88.7500759307486,43.3125113896123,159.750136675347,22.025697337963,25.6966468942901,-33.0385460069444,36.7094955632716,5.50642433449074,66.0770920138889,-37.0421296296297,-43.2158179012347,55.5631944444445,-61.7368827160495,-9.26053240740742,-111.126388888889,0.356523263542126,0.571433814098008,1.05236326768202
2.23,53.3597106063703,32.252995707432,-60.0395659095554,88.9328510106172,43.3399276515926,160.079131819111,21.8402400740741,25.4802800864198,-32.7603601111111,36.4004001234568,5.46006001851852,65.5207202222223,-37.140237037037,-43.3302765432099,55.7103555555555,-61.9003950617284,-9.28505925925926,-111.420711111111,0.355740021921257,0.572587399075844,1.05225220646782
2.235,53.468447155125,32.3798550143125,-60.2026707326876,89.1140785918751,43.3671117887813,160.405341465375,21.654300375,25.2633504375,-32.4814505625,36.090500625,5.41357509375,64.9629011249999,-37.2351,-43.44095,55.85265,-62.0585,-9.308775,-111.7053,0.354959828531491,0.57372866580668,1.05214013718376
2.24,53.5762528331852,32.5056283053827,-60.3643792497777,89.2937547219752,43.3940632082963,160.728758499555,21.4678945185186,25.0458769382716,-32.2018417777778,35.7798241975309,5.36697362962964,64.4036835555557,-37.3266962962964,-43.5478123456791,55.9900444444445,-62.2111604938273,-9.33167407407409,-111.980088888889,0.354182800510936,0.574857641141489,1.05202711249155
2.245,53.6831253506898,32.6303129091381,-60.5246880260347,89.471875584483,43.4207813376725,161.049376052069,21.2810388935185,24.8278787091049,-31.9215583402777,35.4683981558641,5.32025972337962,63.8431166805555,-37.4150037037037,-43.6508376543209,56.1225055555555,-62.3583395061728,-9.35375092592591,-112.245011111111,0.353409053540384,0.575974353173178,1.05191318469118
2.25,53.7890625,32.75390625,-60.68359375,89.6484375,43.447265625,161.3671875,21.09375,24.609375,-31.640625,35.15625,5.2734375,63.28125,-37.5,-43.75,56.25,-62.5,-9.375,-112.5,0.352638701822617,0.577078831213192,1.05179840570931
2.255,53.8940621562546,32.8764058489637,-60.841093234382,89.8234369270911,43.4735155390637,161.682186468764,20.9060444490741,24.3903851905864,-31.3590666736111,34.8434074151234,5.22651111226851,62.7181333472222,-37.581662962963,-43.8452734567901,56.3724944444444,-62.6361049382716,-9.39541574074074,-112.744988888889,0.351871858062226,0.578171105768206,1.05168282708793
2.26,53.9981222779259,32.9978093242469,-60.9971834168889,89.9968704632099,43.4995305694815,161.994366833778,20.717938962963,24.1709287901234,-31.0769084444444,34.5298982716049,5.17948474074074,62.1538168888889,-37.6599703703703,-43.9366320987654,56.4899555555555,-62.7666172839506,-9.41499259259258,-112.979911111111,0.351108633445931,0.579251208516902,1.0515664999731
2.265,54.101240907375,33.1181143919375,-61.1518613610625,90.168734845625,43.5253102268438,162.303722722125,20.5294503750001,23.9510254375001,-30.7941755625001,34.2157506250001,5.13236259375002,61.5883511250002,-37.7349,-44.0240500000001,56.6023500000001,-62.8915000000001,-9.43372500000001,-113.2047,0.350349137623398,0.580319172286864,1.05144947510382
2.27,54.2034161714074,33.2373188666419,-61.3051242571111,90.3390269523456,43.5508540428518,162.610248514222,20.3405956296296,23.7306949012346,-30.5108934444444,33.9009927160494,5.08514890740741,61.0217868888889,-37.8064296296297,-44.1075012345679,56.7096444444445,-63.0107160493828,-9.45160740740742,-113.419288888889,0.349593478688564,0.581375031031585,1.05133180280114
2.275,54.3046462818287,33.3554206621335,-61.4569694227431,90.5077438030479,43.5761615704572,162.913938845486,20.1513917824074,23.5099570794753,-30.2270876736111,33.585652970679,5.03784794560184,60.4541753472221,-37.874537037037,-44.1869598765432,56.8118055555555,-63.1242283950617,-9.46863425925925,-113.623611111111,0.348841763161451,0.582418819807617,1.05121353295731
2.28,54.404929536,33.472417792,-61.607394304,90.67488256,43.601232384,163.214788608,19.9618560000001,23.2888320000001,-29.9427840000001,33.2697600000001,4.99046400000002,59.8855680000002,-37.9392,-44.2624000000001,56.9088000000001,-63.2320000000001,-9.48480000000001,-113.8176,0.348094095970479,0.58345057475187,1.05109471502524
2.285,54.5042643173935,33.5883083702924,-61.7563964760903,90.8404405289892,43.6260660793484,163.512792952181,19.7720055601852,23.0673398202161,-29.6580083402778,32.9533426003087,4.9430013900463,59.3160166805556,-38.0003962962963,-44.3337956790123,57.0005944444444,-63.3339938271605,-9.50009907407407,-114.001188888889,0.34735058043526,0.584470333059075,1.05097539800794
2.29,54.6026490961481,33.7030906121728,-61.9039736442222,91.0044151602469,43.650662274037,163.807947288444,19.5818578518518,22.8455008271604,-29.3727867777777,32.6364297530863,4.89546446296295,58.7455735555554,-38.0581037037037,-44.4011209876543,57.0871555555555,-63.4301728395061,-9.51452592592592,-114.174311111111,0.346611318249886,0.58547813295942,1.05085563044833
2.295,54.700082429625,33.8167628345625,-62.0501236444375,91.166804049375,43.6750206074062,164.100247288875,19.391430375,22.6233354375,-29.0871455625,32.319050625,4.84785759375001,58.1742911250001,-38.1123,-44.46435,57.1684500000001,-63.5205000000001,-9.52807500000001,-114.3369,0.345876409466695,0.586474013696388,1.050735460419
2.3,54.796562962963,33.9293234567901,-62.1948444444445,91.3276049382716,43.6991407407407,164.389688888889,19.2007407407408,22.4008641975309,-28.8011111111111,32.0012345679013,4.80018518518519,57.6022222222223,-38.162962962963,-44.5234567901235,57.2444444444445,-63.604938271605,-9.54074074074075,-114.488888888889,0.345145952480518,0.587458015504786,1.05061493551234
2.305,54.8920894296343,34.04077100124,-62.3381341444514,91.4868157160571,43.7230223574086,164.676268288903,19.0098066712963,22.178107783179,-28.5147100069445,31.6830111188272,4.75245166782408,57.0294200138889,-38.2100703703704,-44.5784154320988,57.3151055555557,-63.6834506172841,-9.55251759259261,-114.630211111111,0.344420044013399,0.588430179588999,1.05049410283066
2.31,54.986660652,34.151104094,-62.479990978,91.64443442,43.746665163,164.959981956,18.818646,21.955087,-28.227969,31.36441,4.7046615,56.455938,-38.2535999999999,-44.6291999999999,57.3803999999999,-63.7559999999999,-9.56339999999999,-114.7608,0.343698779099788,0.589390548101472,1.05037300897666
2.315,55.0802755418657,34.26032146551,-62.6204133127986,91.8004592364429,43.7700688854664,165.240826625597,18.6272766712963,21.7318227831791,-27.9409150069445,31.0454611188272,4.65681916782408,55.881830013889,-38.2935296296296,-44.6757845679012,57.4402944444444,-63.822549382716,-9.5733824074074,-114.880588888889,0.342982251072192,0.590339164121433,1.05025170004392
2.32,55.1729331010371,34.36842195121,-62.7593996515557,91.9548885017285,43.7932332752593,165.518799303111,18.4357167407407,21.5083361975308,-27.6535751111111,30.7261945679012,4.60892918518518,55.3071502222221,-38.3298370370369,-44.7181432098764,57.4947555555554,-63.8830617283949,-9.58245925925924,-114.989511111111,0.342270551547305,0.591276071633873,1.05013022160764
2.325,55.264632421875,34.4754044921875,-62.8969486328125,92.107720703125,43.8161581054688,165.793897265625,18.2439843749999,21.2846484374999,-27.3659765624999,30.4066406249999,4.56099609374998,54.7319531249998,-38.3625,-44.75625,57.54375,-63.9375,-9.590625,-115.0875,0.341563770412576,0.59220131550878,1.0500086187156
2.33,55.3553726878519,34.5812681358272,-63.0330590317779,92.2589544797532,43.838843171963,166.066118063556,18.0520978518518,21.0607808271605,-27.0781467777778,30.0868297530864,4.51302446296296,54.1562935555555,-38.3914962962964,-44.7900790123458,57.5872444444446,-63.985827160494,-9.5978740740741,-115.174488888889,0.340861995813242,0.593114941480676,1.04988693587916
2.335,55.4451531741064,34.6860120364575,-63.1677297611597,92.4085886235107,43.8612882935266,166.335459522319,17.8600755601853,20.8367548202161,-26.7901133402779,29.7667926003088,4.46501889004631,53.5802266805558,-38.4168037037037,-44.8196043209876,57.6252055555555,-64.0280061728395,-9.60420092592592,-115.250411111111,0.340165314139808,0.59401699612841,1.04976521706463
2.34,55.533973248,34.789635456,-63.300959872,92.55662208,43.883493312,166.601919744,17.667936,20.612592,-26.501904,29.44656,4.416984,53.003808,-38.4384,-44.8447999999999,57.6575999999999,-64.0639999999999,-9.60959999999999,-115.3152,0.339473810015964,0.594907526855286,1.04964350568467
2.345,55.6218323696714,34.8921377646166,-63.4327485545071,92.7030539494523,43.9054580924178,166.865497109014,17.4756977824073,20.3883140794752,-26.213546673611,29.1261629706789,4.36892444560184,52.427093347222,-38.4562629629629,-44.8656401234567,57.6843944444444,-64.0937716049382,-9.61406574074073,-115.368788888889,0.338787566286952,0.595786581869468,1.04952184458992
2.35,55.7087300925926,34.993518441358,-63.5630951388889,92.8478834876543,43.9271825231481,167.126190277778,17.2833796296296,20.1639429012345,-25.9250694444444,28.8056327160493,4.3208449074074,51.8501388888888,-38.4703703703704,-44.8820987654321,57.7055555555556,-64.1172839506173,-9.6175925925926,-115.411111111111,0.338106664008357,0.596654210164735,1.04940027606088
2.355,55.794666064125,35.0937770748125,-63.6919990961875,92.991110106875,43.9486665160312,167.383998192375,17.091000375,19.9395004375,-25.6365005625,28.485000625,4.27275009375,51.273001125,-38.4807,-44.89415,57.72105,-64.1345,-9.62017499999999,-115.4421,0.337431182435327,0.597510461501555,1.0492788417999
2.36,55.879640026074,35.192913363753,-63.8194600391111,93.1327333767901,43.9699100065185,167.638920078222,16.898578962963,19.7150087901235,-25.3478684444445,28.164298271605,4.22464474074076,50.6957368888891,-38.4872296296298,-44.9017679012347,57.7308444444446,-64.1453827160496,-9.62180740740744,-115.461688888889,0.336761199012224,0.598355386388501,1.04915758292336
2.365,55.9636518152454,35.2909271177863,-63.945477722868,93.2727530254089,43.9909129538113,167.890955445736,16.706134449074,19.4904901905864,-25.059201673611,27.8435574151234,4.17653361226851,50.1184033472221,-38.4899370370371,-44.90492654321,57.7349055555557,-64.1498950617285,-9.62248425925928,-115.469811111111,0.336096789362685,0.599189036064022,1.04903653995411
2.37,56.046701364,35.387818258,-64.070052046,93.41116894,44.011675341,168.140104092,16.513686,19.2659670000001,-24.7705290000001,27.5228100000001,4.12842150000001,49.5410580000001,-38.4888000000001,-44.9036000000001,57.7332000000001,-64.1480000000001,-9.62220000000002,-115.4664,0.335438027280107,0.600011462478578,1.04891575281405
2.375,56.1287887008102,35.4835868176119,-64.1931830512153,93.547981168017,44.0321971752025,168.386366102431,16.3212528935185,19.0414617091049,-24.4818793402778,27.2020881558642,4.08031322337963,48.9637586805555,-38.4837962962962,-44.8977623456789,57.7256944444444,-64.1396604938271,-9.62094907407406,-115.451388888889,0.334784984718525,0.60082271827714,1.04879526081692
2.38,56.2099139508149,35.5782329426174,-64.3148709262223,93.6831899180248,44.0524784877037,168.629741852445,16.1288545185185,18.8169969382716,-24.1932817777777,26.8814241975308,4.03221362962962,48.3865635555555,-38.4749037037038,-44.8873876543211,57.7123555555557,-64.124839506173,-9.61872592592595,-115.424711111111,0.334137731783906,0.601622856782081,1.04867510266125
2.385,56.290077336375,35.6717568924376,-64.4351160045626,93.8167955606251,44.0725193340938,168.870232009125,15.9365103749999,18.5925954374999,-23.9047655624998,26.5608506249998,3.98412759374997,47.8095311249997,-38.4620999999999,-44.8724499999999,57.6931499999999,-64.1034999999999,-9.61552499999999,-115.3863,0.333496336725838,0.602411931976438,1.04855531642358
2.39,56.3692791776297,35.7641590405679,-64.5539187664445,93.9487986293828,44.0923197944074,169.107837532889,15.744240074074,18.3682800864197,-23.616360111111,26.2404001234567,3.9360600185185,47.232720222222,-38.4453629629629,-44.85292345679,57.6680444444443,-64.0756049382715,-9.61134074074072,-115.336088888889,0.332860865929602,0.603189998487596,1.04843593955179
2.395,56.4475198930509,35.8554398752261,-64.6712798395764,94.0791998217515,44.1118799732627,169.342559679153,15.5520633379629,18.1440738942901,-23.3280950069444,25.9201055632715,3.88801583449073,46.6561900138888,-38.4246703703704,-44.8287820987655,57.6370055555556,-64.0411172839507,-9.6061675925926,-115.274011111111,0.33223138390864,0.603957111571354,1.04831700885873
2.4,56.5248000000001,35.9456000000001,-64.7872000000001,94.2080000000001,44.1312,169.5744,15.3599999999999,17.9199999999999,-23.0399999999999,25.5999999999998,3.83999999999998,46.0799999999997,-38.4,-44.8,57.6,-64,-9.6,-115.2,0.331607953297405,0.604713327096422,1.04819856051594
2.405,56.6011201152824,36.0346401344962,-64.9016801729236,94.3352001921374,44.1502800288206,169.803360345847,15.1680700046296,17.6960816720679,-22.7521050069444,25.2801166743827,3.7920175011574,45.5042100138888,-38.3713296296296,-44.7665512345679,57.5569944444445,-63.9522160493827,-9.59283240740741,-115.113988888889,0.330990634844581,0.605458701529324,1.04808063004766
2.41,56.6764809557037,36.1225611149876,-65.0147214335555,94.4608015928395,44.1691202389259,170.029442867111,14.9762934074075,17.4723423086421,-22.4644401111113,24.9604890123459,3.74407335185188,44.9288802222225,-38.3386370370371,-44.7284098765433,57.5079555555556,-63.8977283950618,-9.58465925925927,-115.015911111111,0.330379487406675,0.606193291919749,1.04796325232496
2.415,56.750883338625,36.2093638950626,-65.1263250079376,94.5848055643751,44.1877208346563,170.252650015875,14.7846903749999,17.2488054374999,-22.1770355624999,24.6411506249999,3.69617259374999,44.3540711249998,-38.3019,-44.68555,57.45285,-63.8365,-9.57547499999999,-114.9057,0.329774567941972,0.606917155886322,1.04784646156017
2.42,56.8243281825185,36.2950495462716,-65.2364922737778,94.7072136375309,44.2060820456296,170.472984547556,14.5932811851852,17.0254947160494,-21.8899217777778,24.3221353086419,3.64832029629629,43.7798435555555,-38.2610962962962,-44.6379456790123,57.3916444444443,-63.7684938271604,-9.56527407407406,-114.783288888889,0.329175931504864,0.607630351602819,1.04773029130145
2.425,56.8968165075231,36.379619258777,-65.3452247612847,94.8280275125385,44.2242041268808,170.690449522569,14.4020862268519,16.8024339313272,-21.6031293402778,24.0034770447531,3.60052155671297,43.2062586805556,-38.2162037037037,-44.5855709876544,57.3243055555556,-63.6936728395062,-9.55405092592593,-114.648611111111,0.328583631240508,0.60833293778484,1.04761477442751
2.43,56.968349436,36.463074342,-65.4525241539999,94.9472490599999,44.242087359,170.905048308,14.2111260000001,16.5796470000001,-21.3166890000001,23.6852100000001,3.55278150000002,42.6333780000002,-38.1672000000001,-44.5284000000001,57.2508000000001,-63.6120000000001,-9.54180000000002,-114.5016,0.327997718379854,0.609024973676934,1.04749994314271
2.435,57.038928193088,36.5454162252693,-65.558392289632,95.0648803218133,44.259732048272,171.116784579264,14.0204211157407,16.3571579683641,-21.030631673611,23.3673685262344,3.50510527893516,42.061263347222,-38.114062962963,-44.4664067901235,57.1710944444445,-63.523438271605,-9.52851574074074,-114.342188888889,0.327418242235005,0.609706519040176,1.04738582897213
2.44,57.1085541072593,36.6266464584691,-65.6628311608889,95.1809235120987,44.2771385268148,171.325662321778,13.8299922962963,16.1349910123457,-20.7449884444444,23.0499871604938,3.45749807407407,41.4899768888889,-38.0567703703702,-44.3995654320986,57.0851555555554,-63.4279506172837,-9.51419259259256,-114.170311111111,0.326845250194925,0.610377634140222,1.04727246275708
2.445,57.177228610875,36.7067667126875,-65.7658429163125,95.295381018125,44.2943071527188,171.531685832625,13.6398603750001,15.9131704375001,-20.4597905625001,22.7331006250001,3.40996509375002,40.9195811250003,-37.9953,-44.32785,56.9929500000001,-63.3255000000001,-9.49882500000001,-113.9859,0.326278787721462,0.611038379735837,1.04715987465062
2.45,57.2449532407408,36.7857787808642,-65.8674298611111,95.4082554012346,44.3112383101852,171.734859722222,13.4500462962963,15.6917206790123,-20.1750694444444,22.4167438271605,3.36251157407407,40.3501388888888,-37.9296296296296,-44.2512345679011,56.8944444444443,-63.2160493827159,-9.48240740740739,-113.788888888889,0.325718898345721,0.611688817067889,1.04704809411341
2.455,57.311729638662,36.863684578439,-65.9675944579931,95.5195493977701,44.3279324096655,171.935188915986,13.2605711157407,15.4706663016974,-19.890856673611,22.1009518595678,3.31514277893517,39.781713347222,-37.8597370370369,-44.1696932098764,56.7896055555553,-63.0995617283948,-9.46493425925922,-113.579211111111,0.325165623664738,0.612329007848835,1.04693714990973
2.46,57.377559552,36.940486144,-66.066339328,95.62926592,44.344389888,172.132678656,13.0714560000001,15.2500320000001,-19.6071840000001,21.7857600000001,3.26786400000001,39.2143680000002,-37.7856000000001,-44.0832000000001,56.6784000000001,-62.9760000000001,-9.44640000000002,-113.3568,0.324619003338484,0.612959014252691,1.04682707010367
2.465,57.4424448342269,37.0161856399314,-66.1636672513403,95.7374080570448,44.3606112085567,172.327334502681,12.8827222268518,15.0298425979938,-19.3240833402777,21.4712037114197,3.22068055671296,38.6481666805555,-37.7071962962963,-43.9917290123457,56.5607944444444,-62.8453271604938,-9.42679907407407,-113.121588888889,0.324079075087176,0.613578898905493,1.04671788205559
2.47,57.5063874454815,37.0907853530617,-66.2595811682222,95.8439790758025,44.3765968613704,172.519162336444,12.6943911851852,14.8101230493828,-19.0415867777778,21.1573186419754,3.17359779629631,38.0831735555557,-37.6245037037036,-43.8952543209876,56.4367555555555,-62.7075061728394,-9.40612592592591,-112.873511111111,0.323545874688893,0.614188724876247,1.04660961241876
2.475,57.569389453125,37.1642876953125,-66.3540841796875,95.948982421875,44.3923473632813,172.708168359375,12.5064843749999,14.5908984374999,-18.7597265624999,20.8441406249999,3.12662109374998,37.5194531249998,-37.5375,-43.79375,56.3062499999999,-62.5624999999999,-9.38437499999999,-112.6125,0.323019435977493,0.614788555668388,1.04650228713617
2.48,57.6314530322963,37.2366952043457,-66.4471795484445,96.0524217204939,44.4078632580741,172.894359096889,12.3190234074073,14.3721939753085,-18.4785351111109,20.5317056790121,3.07975585185182,36.9570702222218,-37.4461629629628,-43.6871901234566,56.1692444444442,-62.410271604938,-9.3615407407407,-112.338488888888,0.322499790840828,0.61537845521173,1.04639593143762
2.485,57.6925804664676,37.3080105442122,-66.5388706997014,96.154300777446,44.4231451166169,173.077741399403,12.1320300046296,14.1540350054012,-18.1980450069444,20.220050007716,3.03300750115739,36.3960900138887,-37.3504703703702,-43.5755487654319,56.0257055555553,-62.250783950617,-9.33761759259255,-112.051411111111,0.32198696921925,0.615958487854926,1.04629056983696
2.49,57.752774148,37.378236506,-66.6291612220001,96.2546235800001,44.438193537,173.258322444,11.9455259999999,13.9364469999999,-17.9182889999999,19.9092099999999,2.98638149999999,35.8365779999998,-37.2503999999999,-43.4587999999999,55.8755999999998,-62.0839999999998,-9.31259999999997,-111.7512,0.321480999104397,0.616528718358437,1.04618622612954
2.495,57.8120365786991,37.4473760084823,-66.7180548680487,96.3533942978319,44.4530091446748,173.436109736097,11.7595333379629,13.7194555609567,-17.6393000069443,19.5992222299382,2.93988333449072,35.2786000138887,-37.1459296296297,-43.3369179012346,55.7188944444445,-61.9098827160495,-9.28648240740742,-111.437788888889,0.320981906538267,0.617089211888001,1.04608292338991
2.5,57.8703703703703,37.5154320987654,-66.8055555555555,96.4506172839505,44.4675925925926,173.611111111111,11.5740740740742,13.5030864197532,-17.3611111111113,19.2901234567903,2.89351851851855,34.7222222222226,-37.0370370370371,-43.20987654321,55.5555555555557,-61.7283950617286,-9.25925925925929,-111.111111111111,0.320489715612564,0.617640034008622,1.04598068396967
2.505,57.927778245375,37.5824079529375,-66.8916673680625,96.546297075625,44.4819445613438,173.783334736125,11.389170375,13.2873654375,-17.0837555625001,18.9819506250001,2.84729259375001,34.1675111250001,-36.9237000000001,-43.0776500000001,55.3855500000002,-61.5395000000002,-9.23092500000003,-110.7711,0.320004448468311,0.618181250679078,1.04587952949559
2.51,57.9842630371852,37.648306876716,-66.9763945557777,96.6404383953086,44.4960657592963,173.952789111555,11.2048445185185,13.0723186049383,-16.8072667777778,18.6747408641975,2.80121112962963,33.6145335555555,-36.8058962962962,-42.9402123456789,55.2088444444443,-61.343160493827,-9.20147407407406,-110.417688888889,0.319526125295741,0.618712928246922,1.04577948086785
2.515,58.0398276909398,37.7131323060964,-67.0597415364096,96.7330461515663,44.5099569227349,174.119483072819,11.0211188935185,12.8579720424383,-16.5316783402778,18.3685314891976,2.75527972337963,33.0633566805556,-36.6836037037038,-42.7975376543211,55.0254055555557,-61.139339506173,-9.17090092592595,-110.050811111111,0.319054764334432,0.619235133444027,1.04568055825858
2.52,58.094475264,37.7768878079999,-67.1417128959999,96.8241254399999,44.523618816,174.283425792,10.838016,12.644352,-16.257024,18.06336,2.70950399999999,32.5140479999999,-36.5567999999999,-42.6495999999999,54.8351999999998,-60.9279999999998,-9.13919999999997,-109.6704,0.318590381873714,0.619747933382624,1.04558278111052
2.525,58.1482089265047,37.8395770809221,-67.222313389757,96.9136815441744,44.5370522316262,174.444626779514,10.655558449074,12.4314848572531,-15.9833376736111,17.7592640817901,2.66388961226851,31.9666753472221,-36.4254629629629,-42.4963734567901,54.6381944444444,-60.7091049382716,-9.10636574074073,-109.276388888889,0.318132992253318,0.620251395551874,1.04548616813596
2.53,58.2010319619259,37.9012039555802,-67.3015479428888,97.0017199365431,44.5502579904815,174.603095885778,10.473768962963,12.2193971234568,-15.7106534444445,17.4562816049383,2.61844224074075,31.421306888889,-36.2895703703704,-42.3378320987654,54.4343555555555,-60.4826172839506,-9.07239259259259,-108.868711111111,0.317682607864279,0.620745587814949,1.04539073731581
2.535,58.252947767625,37.9617723955625,-67.3794216514375,97.088246279375,44.5632369419063,174.758843302875,10.2926703749999,12.0081154374999,-15.4390055624999,17.1544506249999,2.57316759374998,30.8780111249997,-36.1490999999999,-42.1739499999999,54.2236499999999,-60.2484999999998,-9.03727499999998,-108.4473,0.317239239150069,0.621230578406636,1.04529650589892
2.54,58.3039598554075,38.0212864979754,-67.4559397831112,97.1732664256791,44.5759899638519,174.911879566222,10.1122856296296,11.7976665679012,-15.1684284444444,16.853809382716,2.52807140740741,30.3368568888889,-36.0040296296297,-42.004701234568,54.0060444444445,-60.0067160493828,-9.00100740740742,-108.012088888889,0.316802894607986,0.621706435931453,1.04520349040162
2.545,58.3540718520787,38.0797504940918,-67.531107778118,97.2567864201311,44.5885179630197,175.062215556236,9.93263778240753,11.5880774128088,-14.8989566736113,16.5543963040125,2.48315944560188,29.7979133472226,-35.854337037037,-41.8300598765432,53.7815055555555,-59.7572283950617,-8.96358425925925,-107.563011111111,0.316373580790762,0.622173229362285,1.04511170660736
2.55,58.4032875,38.13716875,-67.60493125,97.3388125,44.600821875,175.2098625,9.75374999999996,11.379375,-14.6306249999999,16.2562499999999,2.43843749999999,29.2612499999999,-35.6999999999999,-41.6499999999999,53.5499999999999,-59.4999999999999,-8.92499999999998,-107.1,0.315951302308403,0.622631028039547,1.04502116956671
2.555,58.4516106576435,38.1935457672508,-67.6774159864653,97.4193510960725,44.6129026644109,175.354831972931,9.57564556018518,11.1715864868827,-14.3634683402778,15.9594092669753,2.39391139004629,28.7269366805555,-35.5409962962964,-41.4644956790125,53.3114944444446,-59.2349938271607,-8.88524907407411,-106.622988888889,0.315536061830261,0.623079901670834,1.04493189359739
2.56,58.4990453001482,38.2488861835062,-67.7485679502223,97.4984088335803,44.624761325037,175.497135900445,9.39834785185187,10.9647391604939,-14.0975217777778,15.6639130864198,2.34958696296297,28.1950435555556,-35.3773037037038,-41.2735209876545,53.0659555555557,-58.9621728395064,-8.84432592592596,-106.131911111111,0.315127860087312,0.623519920331116,1.0448438922846
2.565,58.5455955198751,38.3031947731876,-67.8183932798126,97.5759925331251,44.6363988799688,175.636786559625,9.22188037499993,10.7588604374999,-13.8328205624999,15.3698006249999,2.30547009374998,27.6656411249998,-35.2089,-41.07705,52.81335,-58.6815,-8.802225,-105.6267,0.314726695874667,0.623951154463429,1.04475717848155
2.57,58.591265526963,38.3564764481235,-67.8868982904445,97.652109211605,44.6478163817407,175.773796580889,9.04626674074066,10.5539778641974,-13.569400111111,15.0771112345678,2.26156668518517,27.138800222222,-35.035762962963,-40.8750567901235,52.5536444444445,-58.392938271605,-8.75894074074075,-105.107288888889,0.314332566054278,0.62437367488007,1.04467176431011
2.575,58.6360596498843,38.4087362581984,-67.9540894748264,97.7267660831405,44.6590149124711,175.908178949653,8.87153067129617,10.3501191165122,-13.3072960069443,14.7858844521603,2.21788266782404,26.6145920138885,-34.8578703703705,-40.6675154320989,52.2868055555557,-58.0964506172841,-8.71446759259262,-104.573611111111,0.313945465557866,0.624787552764317,1.04458766116174
2.58,58.679982336,38.459979392,-68.019973504,97.79997056,44.669995584,176.039947008,8.69769599999998,10.147312,-13.046544,14.49616,2.17442399999999,26.0930879999999,-34.6752,-40.4544,52.0128,-57.792,-8.6688,-104.0256,0.313565387390038,0.625192859672637,1.04450487969854
2.585,58.7230381521157,38.5102111774683,-68.0845572281735,97.8717302535261,44.6807595380289,176.169114456347,8.52478667129645,9.94558444984586,-12.7871800069447,14.2079777854941,2.13119666782411,25.5743600138894,-34.4877296296298,-40.2356845679014,51.7315944444447,-57.4795493827163,-8.62193240740744,-103.463188888889,0.313192322631617,0.625589667537408,1.04442342985455
2.59,58.765231785037,38.5594370825432,-68.1478476775556,97.9420529750617,44.6913079462593,176.295695355111,8.35282674074072,9.74496453086418,-12.5292401111111,13.9213779012345,2.08820668518518,25.0584802222222,-34.295437037037,-40.0113432098765,51.4431555555555,-57.159061728395,-8.57385925925925,-102.886311111111,0.312826260443153,0.62597804867013,1.04434332083717
2.595,58.8065680421251,38.6076627158126,-68.2098520631876,98.0109467368751,44.7016420105313,176.419704126375,8.18184037499989,9.54548043749988,-12.2727605624998,13.6364006249998,2.04546009374997,24.5455211249997,-34.0982999999999,-39.7813499999999,51.1474499999998,-56.8304999999998,-8.52457499999997,-102.2949,0.312467188068641,0.626358075765138,1.04426456112887
2.6,58.8470518518518,38.6548938271604,-68.2705777777777,98.0784197530864,44.711762962963,176.541155555555,8.0118518518519,9.34716049382722,-12.0177777777779,13.3530864197532,2.00296296296298,24.0355555555557,-33.8962962962964,-39.5456790123458,50.8444444444446,-56.493827160494,-8.4740740740741,-101.688888888889,0.312115090839411,0.6267298219038,1.04418715848895
2.605,58.8866882643565,38.7011363084159,-68.3300323965347,98.1444804405942,44.7216720660891,176.660064793069,7.84288556018517,9.15003315354936,-11.7643283402777,13.0714759336419,1.96072139004629,23.5286566805555,-33.6894037037037,-39.3043043209877,50.5341055555556,-56.1490061728395,-8.42235092592593,-101.068211111111,0.311769952178202,0.627093360559215,1.04411111995562
2.61,58.925482452,38.746396194,-68.388223678,98.20913742,44.731370613,176.776447356,7.67496600000001,8.95412700000001,-11.512449,12.79161,1.9187415,23.024898,-33.4775999999999,-39.0571999999999,50.2163999999999,-55.7959999999999,-8.36939999999998,-100.4328,0.311431753603428,0.627448765601373,1.04403645184815
2.615,58.9634397099213,38.7906796615748,-68.4451595648819,98.2723995165355,44.7408599274803,176.890319129764,7.50811778240731,8.75947074614186,-11.262176673611,12.5135296373455,1.87702944560183,22.5243533472219,-33.2608629629628,-38.8043401234566,49.8912944444442,-55.4347716049379,-8.31521574074069,-99.7825888888883,0.311100474733605,0.627796111302812,1.04396315976929
2.62,59.0005654565927,38.8339930326915,-68.500848184889,98.3342757609878,44.7501413641482,177.001696369778,7.34236562962955,8.56609323456781,-11.0135484444443,12.2372760493826,1.83559140740739,22.0270968888887,-33.0391703703702,-38.545698765432,49.5587555555554,-55.0652839506171,-8.25979259259256,-99.1175111111107,0.310776093291952,0.628135472344742,1.04389124860776
2.625,59.036865234375,38.8763427734375,-68.5552978515625,98.394775390625,44.7592163085938,177.110595703125,7.177734375,8.3740234375,-10.7666015625,11.962890625,1.79443359375,21.533203125,-32.8125,-38.28125,49.21875,-54.6875,-8.203125,-98.4375,0.310458585111165,0.628466923823628,1.04382072254105
2.63,59.0723447100741,38.9177354950864,-68.6085170651111,98.4539078501235,44.7680861775185,177.217034130222,7.01424896296302,8.18329045679019,-10.5213734444445,11.6904149382717,1.75356224074076,21.0427468888891,-32.5808296296298,-38.0109679012347,48.8712444444447,-54.3013827160496,-8.14520740740744,-97.7424888888893,0.31014792413834,0.628790541258253,1.04375158503829
2.635,59.1070096754954,38.9581779547447,-68.6605145132431,98.5116827924924,44.7767524188739,177.321029026486,6.85193444907412,7.99392352391981,-10.2779016736112,11.4198907484569,1.71298361226853,20.5558033472224,-32.3441370370371,-37.73482654321,48.5162055555557,-53.9068950617286,-8.08603425925928,-97.0324111111114,0.309844082440073,0.629106400597218,1.04368383886329
2.64,59.140866048,38.9976770560001,-68.7112990720001,98.5681100800001,44.785216512,177.422598144,6.69081599999984,7.80595199999982,-10.0362239999998,11.1513599999997,1.67270399999996,20.0724479999995,-32.1023999999999,-37.4527999999999,48.1535999999998,-53.5039999999998,-8.02559999999997,-96.3071999999997,0.309547030207699,0.629414578226909,1.04361748607784
2.645,59.1739198710602,39.0362398495703,-68.7608798065903,98.6231997851004,44.7934799677651,177.521759613181,6.53091889351849,7.61940537577157,-9.79637834027773,10.8848648225308,1.63272972337962,19.5927566805555,-31.8555962962964,-37.1648623456791,47.7833944444446,-53.0926604938273,-7.96389907407409,-95.5667888888891,0.309256735762687,0.629715150979898,1.04355252804505
2.65,59.2061773148147,39.0738735339505,-68.8092659722221,98.6769621913579,44.8015443287037,177.618531944444,6.37226851851864,7.43431327160508,-9.55840277777796,10.6204475308644,1.59306712962966,19.1168055555559,-31.6037037037037,-36.870987654321,47.4055555555556,-52.6728395061729,-7.90092592592593,-94.8111111111112,0.308973165562186,0.630008196143781,1.04348896543296
2.655,59.2376446766249,39.1105854560624,-68.8564670149374,98.7294077943749,44.8094111691562,177.712934029875,6.21489037500005,7.25070543750006,-9.32233556250008,10.3581506250001,1.55372259375001,18.6446711250002,-31.3467000000001,-36.5711500000001,47.0200500000001,-52.2445000000002,-7.83667500000002,-94.0401000000003,0.308696284204702,0.630293791470458,1.04342679821824
2.66,59.2683283816296,39.1463831119012,-68.9024925724444,98.780547302716,44.8170820954074,177.804985144889,6.05881007407412,7.06861175308647,-9.08821511111118,10.0980167901235,1.51470251851853,18.1764302222224,-31.0845629629631,-36.2653234567903,46.6268444444447,-51.8076049382718,-7.77114074074078,-93.2536888888893,0.308426054435931,0.630572015185816,1.04336602569008
2.665,59.298234983301,39.1812741471845,-68.9473524749514,98.8303916388349,44.8245587458252,177.894704949903,5.90405333796291,6.88806222762339,-8.85608000694436,9.84008889660484,1.47601333449073,17.7121600138887,-30.8172703703704,-35.9534820987655,46.2259055555556,-51.3621172839507,-7.7043175925926,-92.4518111111112,0.308162437154711,0.630842945999846,1.04330664645422
2.67,59.3273711639999,39.2152663579999,-68.9910567459999,98.8789519399999,44.831842791,177.982113492,5.75064600000005,6.70908700000005,-8.62596900000007,9.58441000000008,1.43766150000001,17.2519380000001,-30.5447999999999,-35.6355999999999,45.8171999999999,-50.9079999999999,-7.63619999999998,-91.6343999999998,0.307905391419109,0.631106663117155,1.04324865843713
2.675,59.3557437355324,39.2483676914545,-69.0336156032987,98.9262395592207,44.8389359338831,178.067231206597,5.59861400462964,6.53171633873458,-8.39792100694446,9.3310233410494,1.39965350115741,16.7958420138889,-30.2671296296296,-35.3116512345679,45.4006944444444,-50.4452160493827,-7.5667824074074,-90.8013888888888,0.307654874452629,0.631363246247893,1.04319205889035
2.68,59.3833596397037,39.280586246321,-69.0750394595555,98.9722660661728,44.8458399099259,178.150078919111,5.44798340740741,6.35598064197531,-8.17197511111111,9.07997234567901,1.36199585185185,16.3439502222222,-29.984237037037,-34.9816098765431,44.9763555555555,-49.9737283950616,-7.49605925925924,-89.9527111111109,0.30741084165056,0.631612775619046,1.04313684439493
2.685,59.4102259488749,39.3119302736874,-69.1153389233124,99.0170432481249,44.8525564872187,178.230677846625,5.29878037500005,6.18191043750006,-7.94817056250007,8.83130062500008,1.32469509375001,15.8963411250001,-29.6960999999999,-34.6454499999999,44.5441499999998,-49.4934999999998,-7.42402499999997,-89.0882999999997,0.307173246586415,0.631855331986138,1.04308301086608
2.69,59.4363498665185,39.3424081776049,-69.1545247997777,99.0605831108641,44.8590874666296,178.309049599555,5.15103118518518,6.00953638271604,-7.72654677777776,8.58505197530863,1.28775779629629,15.4530935555555,-29.4026962962963,-34.3031456790123,44.1040444444444,-49.0044938271604,-7.35067407407406,-88.2080888888888,0.306942041018501,0.63209099664529,1.04303055355791
2.695,59.4617387277731,39.3720285157353,-69.1926080916597,99.1028978796219,44.8654346819433,178.385216183319,5.00476222685187,5.83888926466051,-7.5071433402778,8.34127037808645,1.25119055671297,15.0142866805556,-29.1040037037035,-33.9546709876541,43.6560055555553,-48.5066728395059,-7.27600092592589,-87.3120111111106,0.306717174896591,0.632319851445647,1.0429794670683
2.7,59.4864,39.4008,-69.2296,99.144,44.8716,178.4592,4.8599999999999,5.66999999999988,-7.28999999999985,8.09999999999983,1.21499999999997,14.5799999999997,-28.8,-33.6,43.1999999999999,-47.9999999999999,-7.19999999999999,-86.3999999999999,0.306498596368703,0.632541978802161,1.04292974534389
2.705,59.510341283338,39.4287314972277,-69.265511925007,99.1839021388967,44.8775853208345,178.531023850014,4.71677111574074,5.50289963503086,-7.07515667361111,7.86128519290124,1.17919277893519,14.1503133472222,-28.490662962963,-33.2391067901236,42.7359944444446,-47.4844382716051,-7.12266574074076,-85.4719888888891,0.306286251787971,0.632757461708724,1.04288138168526
2.71,59.5335703112592,39.4558320298024,-69.3003554668888,99.222617185432,44.8833925778148,178.600710933778,4.57510229629634,5.33761934567906,-6.8626534444445,7.62517049382723,1.14377557407408,13.725306888889,-28.1759703703704,-32.8719654320988,42.2639555555556,-46.959950617284,-7.04399259259259,-84.5279111111111,0.306080085719617,0.632966383751619,1.04283436875215
2.715,59.556094951125,39.4821107763125,-69.3341424266874,99.2601582518749,44.8890237377812,178.668284853375,4.43502037500004,5.17419043750004,-6.65253056250005,7.39170062500006,1.10875509375001,13.3050611250001,-27.8558999999999,-32.4985499999999,41.7838499999999,-46.4264999999999,-6.96397499999999,-83.5676999999998,0.30588004094801,0.633168829123322,1.04278869856883
2.72,59.5779232047407,39.5075770721975,-69.3668848071111,99.2965386745678,44.8944808011852,178.733769614222,4.29655229629638,5.01264434567911,-6.44482844444457,7.16092049382731,1.0741380740741,12.8896568888891,-27.5304296296296,-32.1188345679012,41.2956444444444,-45.884049382716,-6.8826074074074,-82.5912888888888,0.305686058483809,0.63336488263659,1.04274436252959
2.725,59.599063208912,39.5322404103973,-69.398594813368,99.3317720148533,44.899765802228,178.797189626736,4.15972511574076,4.85301263503088,-6.23958767361113,6.93287519290126,1.03993127893519,12.4791753472223,-27.199537037037,-31.7327932098765,40.7993055555555,-45.332561728395,-6.79988425925925,-81.598611111111,0.305498077571185,0.63355462973887,1.04270135140434
2.73,59.619523236,39.556110442,-69.429284854,99.36587206,44.904880809,178.858569708,4.02456600000008,4.69532700000009,-6.03684900000012,6.70761000000013,1.00614150000002,12.0736980000002,-26.8632000000001,-31.3404000000002,40.2948000000002,-44.7720000000002,-6.71580000000004,-80.5896000000004,0.30531603569512,0.633738156526999,1.04265965534426
2.735,59.6393116944769,39.5791969768897,-69.4589675417154,99.3988528241282,44.9098279236192,178.917935083431,3.8911022268519,4.53961926466055,-5.83665334027785,6.4851703780865,0.972775556712975,11.6733066805557,-26.5213962962965,-30.9416290123459,39.7820944444447,-44.2023271604942,-6.63034907407412,-79.5641888888895,0.305139868588768,0.633915549762174,1.04261926388764
2.74,59.6584371294815,39.6015099843951,-69.4876556942222,99.4307285491358,44.9146092823704,178.975311388444,3.75936118518517,4.38592138271603,-5.63904177777776,6.26560197530862,0.939840296296293,11.2780835555555,-26.1741037037037,-30.5364543209876,39.2611555555555,-43.6235061728395,-6.54352592592593,-78.5223111111111,0.304969510240886,0.6340868968852,1.04258016596571
2.745,59.6769082233749,39.6230595939374,-69.5153623350624,99.4615137056249,44.9192270558437,179.030724670125,3.62937037500011,4.23426543750013,-5.44405556250016,6.04895062500018,0.907342593750027,10.8881111250003,-25.8213000000002,-30.1248500000002,38.7319500000002,-43.0355000000003,-6.45532500000004,-77.4639000000005,0.304804892903316,0.634252286031998,1.04254234990866
2.75,59.6947337962963,39.643856095679,-69.5421006944444,99.4912229938271,44.9236834490741,179.084201388889,3.5011574074074,4.0846836419753,-5.25173611111111,5.83526234567901,0.875289351851851,10.5034722222222,-25.4629629629629,-29.7067901234567,38.1944444444443,-42.4382716049381,-6.36574074074071,-76.3888888888886,0.304645947098525,0.634411806049345,1.04250580345165
2.755,59.7119228067177,39.6639099411706,-69.5678842100765,99.5198713445294,44.9279807016794,179.135768420153,3.37475000462959,3.93720833873452,-5.06212500694438,5.62458334104932,0.843687501157397,10.1242500138888,-25.0990703703704,-29.2822487654321,37.6486055555556,-41.8317839506173,-6.2747675925926,-75.2972111111112,0.304492601627184,0.634565546510852,1.04247051374098
2.76,59.7284843520001,39.6832317440001,-69.5927265280001,99.5474739200001,44.932121088,179.185453056,3.25017599999988,3.79187199999986,-4.87526399999982,5.4169599999998,0.812543999999971,9.75052799999965,-24.7296,-28.8512,37.0944,-41.216,-6.1824,-74.1888,0.304344783575792,0.634713597733173,1.04243646734023
2.765,59.744427668949,39.7018322804405,-69.6166415034235,99.574046114915,44.9361069172373,179.233283006847,3.12746333796298,3.64870722762348,-4.69119500694447,5.21243889660497,0.781865834490745,9.38239001388894,-24.3545296296296,-28.4136179012346,36.5317944444445,-40.5908827160494,-6.08863240740741,-73.0635888888889,0.304202418324327,0.634856050792398,1.04240365023659
2.77,59.7597621343705,39.7197224900989,-69.6396432015557,99.5996035572841,44.9399405335926,179.279286403111,3.00664007407399,3.50774675308632,-4.50996011111098,5.01106679012331,0.751660018518496,9.01992022222196,-23.973837037037,-27.9694765432098,35.9607555555554,-39.9563950617283,-5.99345925925924,-71.9215111111109,0.304065429553923,0.634992997540668,1.04237204784716
2.775,59.7744972656251,39.7369134765626,-69.6617458984376,99.6241621093751,44.9436243164063,179.323491796875,2.88773437499998,3.36902343749998,-4.33160156249997,4.81289062499997,0.721933593749995,8.66320312499994,-23.5875000000001,-27.5187500000001,35.3812500000001,-39.3125000000001,-5.89687500000001,-70.7625000000002,0.303933739254581,0.635124530622933,1.04234164502535
2.78,59.7886427211852,39.7534165080494,-69.6829640817778,99.6477378686421,44.9471606802963,179.365928163556,2.77077451851852,3.23257027160494,-4.15616177777778,4.6179575308642,0.69269362962963,8.31232355555557,-23.1954962962963,-27.061412345679,34.7932444444444,-38.6591604938272,-5.79887407407407,-69.5864888888889,0.303807267732864,0.635250743493914,1.04231242606726
2.785,59.8022083011897,39.7692430180547,-69.7033124517846,99.6703471686495,44.9505520752974,179.406624903569,2.65578889351865,3.09842037577175,-3.98368334027797,4.42631482253108,0.663947223379662,7.96736668055594,-22.7978037037038,-26.5974376543211,34.1967055555557,-37.996339506173,-5.69945092592595,-68.3934111111114,0.303685933619626,0.63537173043519,1.04228437471824
2.79,59.8152039480001,39.7844046060001,-69.7228059220001,99.6920065800001,44.953800987,179.445611844,2.54280599999994,2.96660699999993,-3.81420899999991,4.2380099999999,0.635701499999985,7.62841799999983,-22.3943999999999,-26.1267999999999,33.5915999999999,-37.3239999999999,-5.59859999999998,-67.1831999999998,0.303569653877717,0.635487586572439,1.0422574741793
2.795,59.8276397467547,39.7989130378805,-69.741459620132,99.7127329112578,44.9569099366887,179.482919240264,2.43185444907411,2.83716352391979,-3.64778167361116,4.05309074845685,0.607963612268527,7.29556334722233,-21.9852629629628,-25.6494734567899,32.9778944444442,-36.6421049382713,-5.4963157407407,-65.9557888888884,0.303458343809698,0.635598407892785,1.04223170711376
2.8,59.8395259259259,39.8127802469135,-69.7592888888888,99.7325432098765,44.9598814814815,179.518577777778,2.32296296296298,2.71012345679014,-3.48444444444446,3.87160493827163,0.580740740740744,6.96888888888893,-21.5703703703704,-25.1654320987655,32.3555555555556,-35.9506172839507,-5.39259259259261,-64.7111111111113,0.303351917065513,0.635704291262272,1.0422070556537
2.805,59.850872857875,39.8260183341875,-69.7763092868124,99.7514547631249,44.9627182144687,179.552618573625,2.21616037499999,2.58552043749998,-3.32424056249998,3.69360062499998,0.554040093749997,6.64848112499996,-21.1497000000001,-24.6746500000001,31.7245500000001,-35.2495000000001,-5.28742500000002,-63.4491000000003,0.303250285650155,0.635805334443423,1.04218350140664
2.81,59.8616910594074,39.8386395693086,-69.7925365891111,99.7694850990123,44.9654227648518,179.585073178222,2.11147562962957,2.46338823456783,-3.16721344444435,3.51912604938261,0.527868907407392,6.3344268888887,-20.7232296296297,-24.177101234568,31.0848444444446,-34.5387160493829,-5.18080740740743,-62.1696888888891,0.303153359931293,0.635901636112871,1.04216102546204
2.815,59.8719911923286,39.8506563910501,-69.8079867884929,99.7866519872144,44.9679977980822,179.615973576986,2.00893778240754,2.34376074614213,-3.01340667361131,3.3482296373459,0.502234445601886,6.02681334722263,-20.2909370370371,-23.6727598765433,30.4364055555557,-33.8182283950619,-5.07273425925928,-60.8728111111114,0.303061048646845,0.635993295879061,1.04213960839797
2.82,59.881784064,39.862081408,-69.8226760959999,99.8029734399999,44.970446016,179.645352192,1.90857600000001,2.22667200000001,-2.86286400000002,3.18096000000002,0.477144000000003,5.72572800000003,-19.8528000000001,-23.1616000000001,29.7792000000001,-33.0880000000001,-4.96320000000002,-59.5584000000002,0.30297325891251,0.636080414299998,1.04211923028761
2.825,59.8910806278935,39.8729273992091,-69.8366209418402,99.8184677131558,44.9727701569734,179.67324188368,1.81041956018511,2.1121561535493,-2.71562934027767,3.01736593364185,0.452604890046278,5.43125868055533,-19.4087962962963,-22.6435956790123,29.1131944444444,-32.3479938271605,-4.85219907407407,-58.2263888888889,0.302889896229235,0.636163092901017,1.04209987070591
2.83,59.8998919841483,39.8832073148396,-69.8498379762224,99.8331533069138,44.9749729960371,179.699675952445,1.71449785185182,2.00024749382712,-2.57174677777773,2.85749641975303,0.428624462962954,5.14349355555545,-18.9589037037037,-22.1187209876543,28.4383555555556,-31.5981728395062,-4.73972592592593,-56.8767111111111,0.302810864490603,0.636241434192581,1.04208150873608
2.835,59.908229380125,39.8929342768125,-69.8623440701875,99.847048966875,44.9770573450313,179.724688140375,1.62084037500001,1.89098043750002,-2.43126056250002,2.70140062500002,0.405210093750004,4.86252112500004,-18.5031000000001,-21.5869500000001,27.7546500000001,-30.8385000000001,-4.62577500000002,-55.5093000000002,0.302736065990154,0.636315541688059,1.04206412297612
2.84,59.916104210963,39.9021215794568,-69.8741563164445,99.8601736849383,44.9790260527407,179.748312632889,1.52947674074078,1.78438953086424,-2.29421511111116,2.54912790123463,0.382369185185194,4.58843022222233,-18.0413629629629,-21.0482567901234,27.0620444444444,-30.0689382716049,-4.51034074074073,-54.1240888888888,0.302665401428593,0.63638551992151,1.04204769154533
2.845,59.9235280201343,39.9107826901567,-69.8852920302015,99.8725467002239,44.9808820050336,179.770584060403,1.44043667129608,1.68050944984543,-2.16065500694413,2.40072778549347,0.360109167824021,4.32131001388825,-17.5736703703703,-20.5026154320987,26.3605055555554,-29.2894506172838,-4.39341759259257,-52.7210111111108,0.302598769920917,0.636451474465399,1.04203219209072
2.85,59.9305125000001,39.9189312500001,-69.8957687500001,99.8841875000001,44.982628125,179.7915375,1.35374999999996,1.57937499999996,-2.03062499999994,2.25624999999994,0.338437499999991,4.06124999999989,-17.1,-19.95,25.65,-28.5,-4.275,-51.3,0.302536069003418,0.636513511948286,1.04201760179343
2.855,59.9370694923658,39.9265810744268,-69.9056042385487,99.8951158206097,44.9842673730915,179.811208477097,1.26944667129621,1.48102111651224,-1.90417000694431,2.11574445216035,0.317361667824052,3.80834001388862,-16.6203296296297,-19.3903845679013,24.9304944444445,-27.7005493827161,-4.15508240740742,-49.860988888889,0.302477194640558,0.636571740072433,1.04200389737501
2.86,59.9432109890371,39.9337461538766,-69.9148164835556,99.9053516483952,44.9858027472593,179.829632967111,1.1875567407408,1.3854828641976,-1.7813351111112,1.979261234568,0.296889185185201,3.56267022222241,-16.1346370370372,-18.8237432098767,24.2019555555558,-26.8910617283953,-4.0336592592593,-48.4039111111116,0.302422041231713,0.636626267631322,1.04199105510375
2.865,59.948949132375,39.9404406544375,-69.9234236985624,99.9149152206249,44.9872372830937,179.846847397125,1.108110375,1.29279543749999,-1.66216556249999,1.84685062499999,0.277027593749999,3.32433112499999,-15.6428999999998,-18.2500499999998,23.4643499999997,-26.0714999999997,-3.91072499999995,-46.9286999999994,0.302370501617772,0.636677204527067,1.04197905080076
2.87,59.9542962158518,39.9466789184938,-69.9314443237777,99.9238270264197,44.9885740539629,179.862888647555,1.0311378518518,1.20299416049376,-1.54670677777769,1.71856308641966,0.257784462962949,3.09341355555539,-15.1450962962962,-17.6692790123456,22.7176444444443,-25.2418271604937,-3.78627407407405,-45.4352888888886,0.302322467087564,0.636724661787702,1.04196785984614
2.875,59.9592646846064,39.9524754653741,-69.9388970269096,99.9321078076774,44.9898161711516,179.877794053819,0.95666956018519,1.11611448688272,-1.43500434027779,1.59444926697532,0.239167390046298,2.87000868055557,-14.6412037037038,-17.0814043209878,21.9618055555557,-24.4020061728397,-3.66030092592595,-43.9236111111114,0.302277827384125,0.636768751584326,1.04195745718493
2.88,59.963867136,39.957844992,-69.945800704,99.93977856,44.990966784,179.891601408,0.884736000000075,1.03219200000009,-1.32710400000011,1.47456000000012,0.221184000000019,2.65420800000022,-14.1312000000002,-16.4864000000002,21.1968000000003,-23.5520000000003,-3.53280000000005,-42.3936000000006,0.30223647071077,0.636809587248084,1.04194781733298
2.885,59.9681163201714,39.9628023735333,-69.952174480257,99.9468605336189,44.9920290800428,179.904348960514,0.81536778240725,0.951262412808459,-1.22305167361088,1.35894630401208,0.203841945601813,2.44610334722175,-13.6150629629629,-15.8842401234568,20.4225944444444,-22.6917716049382,-3.40376574074073,-40.8451888888888,0.302198283736967,0.636847283286963,1.04193891438274
2.89,59.9720251405926,39.9673626640247,-69.9580377108889,99.953375234321,44.9930062851481,179.916075421778,0.748595629629634,0.873361567901239,-1.12289344444445,1.24765938271606,0.187148907407408,2.2457868888889,-13.0927703703704,-15.2748987654321,19.6391555555556,-21.8212839506173,-3.2731925925926,-39.2783111111112,0.302163151604,0.636881955402393,1.0419307220089
2.895,59.975606654625,39.9715410970625,-69.9634099819375,99.959344424375,44.9939016636563,179.926819963875,0.684450375000125,0.798525437500146,-1.02667556250019,1.14075062500021,0.171112593750031,2.05335112500038,-12.5643,-14.65835,18.8464500000001,-20.9405000000001,-3.14107500000001,-37.6929000000001,0.302130957930399,0.636913720505632,1.04192321347387
2.9,59.978874074074,39.9753530864197,-69.9683111111111,99.9647901234567,44.9947185185185,179.936622222222,0.62296296296303,0.726790123456868,-0.934444444444544,1.03827160493838,0.155740740740757,1.86888888888909,-12.0296296296296,-14.0345679012346,18.0444444444444,-20.0493827160494,-3.0074074074074,-36.0888888888888,0.302101584817136,0.636942696733895,1.04191636163313
2.905,59.9818407657453,39.9788142267029,-69.9727611486179,99.9697346095755,44.9954601914363,179.945522297236,0.564164449074127,0.658191857253148,-0.846246673611191,0.940274081790212,0.141041112268532,1.69249334722238,-11.4887370370371,-13.40352654321,17.2331055555557,-19.1478950617286,-2.87218425925928,-34.4662111111114,0.302074912852554,0.636969003466237,1.04191013894043
2.91,59.984520252,39.9819402940001,-69.9767803780001,99.9742004200001,44.996130063,179.953560756,0.508085999999821,0.592766999999791,-0.762128999999732,0.846809999999702,0.127021499999955,1.52425799999946,-10.9415999999999,-12.7651999999999,16.4123999999998,-18.2359999999998,-2.73539999999997,-32.8247999999996,0.302050821117031,0.636992761339156,1.04190451745285
2.915,59.9869262113102,39.9847472465286,-69.9803893169653,99.9782103521837,44.9967315528276,179.960778633931,0.454758893518488,0.530552042438236,-0.682138340277731,0.757931489197479,0.113689723379622,1.36427668055546,-10.3881962962963,-12.1195623456791,15.5822944444445,-17.3136604938272,-2.59704907407408,-31.164588888889,0.302029187187357,0.637014092261879,1.04189946883557
2.92,59.9890724788148,39.987251225284,-69.9836087182223,99.9817874646914,44.9972681197037,179.967217436445,0.404214518518415,0.471583604938151,-0.606321777777623,0.673690864197359,0.101053629629604,1.21264355555525,-9.82850370370348,-11.4665876543207,14.7427555555552,-16.3808395061725,-2.45712592592587,-29.4855111111104,0.302009887140792,0.637033119431347,1.04189496436658
2.925,59.990973046875,39.9894685546874,-69.9864595703124,99.9849550781249,44.9977432617187,179.972919140625,0.356484374999937,0.415898437499926,-0.534726562499905,0.594140624999895,0.0891210937499842,1.06945312499981,-9.26249999999991,-10.8062499999999,13.8937499999999,-15.4374999999999,-2.31562499999998,-27.7874999999997,0.301992795558823,0.637049967346844,1.04189097494113
2.93,59.9926420656297,39.9914157432346,-69.9889630984445,99.9877367760495,44.9981605164074,179.977926196889,0.311600074074008,0.363533419753009,-0.467400111111012,0.519333456790013,0.0779000185185019,0.934800222222023,-8.69016296296299,-10.1385234567902,13.0352444444445,-14.4836049382717,-2.17254074074075,-26.070488888889,0.301977785530563,0.637064761824272,1.04188747107592
2.935,59.994093843551,39.9931094841428,-69.9911407653265,99.9901564059183,44.9985234608877,179.982281530653,0.269593337962846,0.314525560956653,-0.404390006944269,0.449322229938076,0.0673983344907114,0.808780013888537,-8.11147037037027,-9.46338209876531,12.1672055555554,-13.5191172839504,-2.02786759259257,-24.3344111111108,0.301964728655818,0.637077630010017,1.04188442291318
2.94,59.9953428479999,39.9945666559998,-69.9930142719998,99.9922380799998,44.998835712,179.986028544,0.230496000000002,0.268912000000003,-0.345744000000003,0.384160000000004,0.0576240000000006,0.691488000000007,-7.52639999999995,-8.78079999999994,11.2895999999999,-12.5439999999999,-1.88159999999999,-22.5791999999998,0.301953495047754,0.637088700394445,1.04188180022438
2.945,59.9964037057824,39.9958043234128,-69.9946055586736,99.9940061763041,44.9991009264456,179.989211117347,0.194340004629581,0.226730005401177,-0.291510006944371,0.323900007715968,0.0485850011573952,0.583020013888742,-6.93492962962968,-8.09075123456796,10.4023944444445,-11.5582160493828,-1.73373240740742,-20.804788888889,0.301943953335185,0.637098102824936,1.04187957241376
2.95,59.9972912037038,39.9968397376544,-69.9959368055557,99.9954853395063,44.9993228009259,179.991873611111,0.161157407407515,0.188016975308768,-0.241736111111273,0.268595679012525,0.0402893518518788,0.483472222222545,-6.33703703703721,-7.39320987654341,9.50555555555582,-10.561728395062,-1.5842592592593,-19.0111111111116,0.301935970664461,0.637105968518474,1.04187770852166
2.955,59.9980202891249,39.9976903373123,-69.9970304336873,99.9967004818748,44.9995050722812,179.994060867375,0.13098037500022,0.152810437500257,-0.19647056250033,0.218300625000367,0.0327450937500551,0.392941125000661,-5.73270000000017,-6.6881500000002,8.59905000000026,-9.55450000000029,-1.43317500000004,-17.1981000000005,0.301929412700909,0.637112430073771,1.04187617722739
2.96,59.9986060705184,39.9983737489382,-69.9979091057777,99.9976767841974,44.9996515176296,179.995818211555,0.103841185185232,0.12114804938277,-0.155761777777847,0.173068641975386,0.0259602962963079,0.311523555555695,-5.12189629629641,-5.97554567901248,7.68284444444461,-8.53649382716068,-1.2804740740741,-15.3656888888892,0.301924143629824,0.637117621482892,1.04187494685203
2.965,59.9990638180232,39.9989077876937,-69.9985957270347,99.9984396967052,44.9997659545058,179.997191454069,0.0797722268518442,0.0930675979938182,-0.119658340277766,0.13295371141974,0.019943056712961,0.239316680555532,-4.50460370370365,-5.25537098765426,6.75690555555548,-7.50767283950609,-1.12615092592591,-13.513811111111,0.301920026157014,0.637121678142339,1.04187398536076
2.97,59.999408964,39.999310458,-69.999113446,99.9990149399999,44.999852241,179.998226892,0.0588060000001178,0.0686070000001375,-0.0882090000001767,0.0980100000001964,0.0147015000000295,0.176418000000353,-3.88080000000002,-4.52760000000003,5.82120000000003,-6.46800000000004,-0.970200000000005,-11.6424000000001,0.301916921508828,0.637124736863613,1.04187326036496
2.975,59.999657103588,39.999599954186,-69.999485655382,99.99942850598,44.999914275897,179.998971310764,0.0409751157406646,0.047804301697442,-0.0614626736109969,0.0682918595677743,0.0102437789351661,0.122925347221994,-3.25046296296298,-3.79220679012347,4.87569444444446,-5.41743827160496,-0.812615740740744,-9.75138888888893,0.301914689431688,0.637126935883203,1.04187273912395
2.98,59.9998239952592,39.9997946611357,-69.9997359928888,99.9997066587653,44.9999559988148,179.999471985778,0.0263122962962825,0.0306976790123296,-0.0394684444444238,0.0438538271604709,0.00657807407407063,0.0789368888888475,-2.61357037037034,-3.04916543209874,3.92035555555552,-4.35595061728391,-0.653392592592586,-7.84071111111103,0.301913188191093,0.637128414871964,1.04187238854643
2.985,59.9999255613751,39.9999131549377,-69.9998883420627,99.9998759356252,44.9999813903438,179.999776684125,0.0148503750000373,0.0173254375000435,-0.0222755625000559,0.0247506250000621,0.00371259375000932,0.0445511250001118,-1.97009999999996,-2.29844999999996,2.95514999999995,-3.28349999999994,-0.492524999999991,-5.91029999999989,0.301912274570051,0.637129314943907,1.04187217519149
2.99,59.9999778887408,39.999974203531,-69.9999668331112,99.9999631479014,44.9999944721852,179.999933666222,0.00662229629618594,0.00772601234555026,-0.0099334444442789,0.0110371604936432,0.00165557407404648,0.0198668888885578,-1.32002962962938,-1.54003456790095,1.98004444444408,-2.20004938271564,-0.330007407407346,-3.96008888888815,0.301911803866965,0.637129778664306,1.04187206526932
2.995,59.999997229162,39.9999967673557,-69.999995843743,99.9999953819366,44.9999993072905,179.999991687486,0.0016611157408164,0.0019379683642858,-0.0024916736112246,0.002768526234694,0.0004152789352041,0.0049833472224492,-0.663337037037005,-0.773893209876506,0.995005555555508,-1.10556172839501,-0.165834259259251,-1.99001111111102,0.301911629892892,0.637129950057182,1.0418720246415
3,60,40,-70,100,45,180,0,0,-0,0,0,0,0,0,-0,0,0,0,0.301911604968196,0.637129974612063,1.04187201882088
